AOU,AOU,English_Common_Name,ORDER,Family,Genus,Species,Total_Counts,Abundance,Spp4,R_FP,R_TP,R_Total,prop_eval_1,Validate_Y_N,TopBin_N,TopBin_N_temp,09Segments,Occ_Model,Spp6,mean_lTh90_Uniform200,sd_lTh90_Uniform200,se_lTh90_Uniform200,95CI_lTh90_Uniform200,p025_lTh90_Uniform200,p975_lTh90_Uniform200,mean_lTh70_Uniform200,mean_lTh80_Uniform200,mean_lTh95_Uniform200,mean_lTh99_Uniform200,bsrep_failed,bsrep_total,bs_rep_failure_rate,mean_Th,sd_Th,se_Th,median_Th,p025,p975,interval_95,mean_status_color,sort_group,mean_lTh_90,sd_lTh_90,se_lTh_90,median_lTh_90,p025_lTh_90,p97_lTh_90,interval_95_lTh_90
3600,3600,American Kestrel,Falconiformes,Falconidae,Falco,sparverius,5356,1,AMKE,,0,,,<10,,,0,,amekes,,,,,,,,,,,,,,,,,,,,,,,2.623569719,0.177516168,0.005613554,2.650863164,2.222146817,2.901567921,0.679421104
4010,4010,American Three-toed Woodpecker,Piciformes,Picidae,Picoides,dorsalis,6,3,ATTW,800,0,800,0,<10,,,0,,attwoo,,,,,,,,,,,,,,,,,,,,,,,4.721687823,0.312707885,0.009888692,4.716729113,4.130779165,5.321612029,1.190832864
6160,6160,Bank Swallow,Passeriformes,Hirundinidae,Riparia,riparia,33452,4,BANS,,NA,,,<10,,,0,,,,,,,,,,,,,,,,,,,,,,,,,-0.22423014,0.271451783,0.008584059,-0.205420831,-0.793529095,0.252423876,1.045952972
5070,5070,Baltimore Oriole,Passeriformes,Icteridae,Icterus,galbula,57944,1,BAOR,,2,,,<10,,,0,,balori,,,,,,,,,,,,,,,,,,,,,,,0.048722563,0.318636585,0.010076174,0.061593243,-0.605838642,0.656068074,1.261906716
6130,6130,Barn Swallow,Passeriformes,Hirundinidae,Hirundo,rustica,148633,4,BARS,,0,,,<10,,,1,,,,,,,,,,,,,,,,,,,,,,,,,-0.049905985,0.328001713,0.010372325,-0.037969629,-0.664859402,0.575619516,1.240478918
7510,7510,Blue-gray Gnatcatcher,Passeriformes,Polioptilidae,Polioptila,caerulea,1284,1,BGGN,,NA,,,<10,,,0,,,,,,,,,,,,,,,,,,,,,,,,,1.645493617,0.236601437,0.007481994,1.655270882,1.183046381,2.100744504,0.917698124
7571,7571,Bicknell's Thrush,Passeriformes,Turdidae,Catharus,bicknelli,36,1,BITH,,0,,,<10,,,17,,bicthr,,,,,,,,,,,,,,,,,,,,,,,2.402824242,0.219551999,0.006942844,2.418540853,1.936702132,2.830464957,0.893762826
5970,5970,Blue Grosbeak,Passeriformes,Cardinalidae,Passerina,caerulea,1,3,BLGR,,NA,,,<10,,,0,,blugro,,,,,,,,,,,,,,,,,,,,,,,-1.99610194,0.317150983,0.010029195,-2.19,-2.19,-1.338799895,0.851200105
3260,3260,Black Vulture,Cathartiformes,Cathartidae,Coragyps,atratus,28,4,BLVU,,NA,,,<10,,,0,,blavul,,,,,,,,,,,,,,,,,,,,,,,1.795631593,0.322079342,0.010185043,1.784957837,1.172343126,2.440103769,1.267760643
4940,4940,Bobolink,Passeriformes,Icteridae,Dolichonyx,oryzivorus,85093,4,BOBO,,NA,,,<10,,,0,,boboli,,,,,,,,,,,,,,,,,,,,,,,6.96569864,0.396081136,0.012525185,6.954377049,6.231646209,7.739522588,1.507876378
7050,7050,Brown Thrasher,Passeriformes,Mimidae,Toxostoma,rufum,11063,1,BRTH,,0,,,<10,,,1,,brnthr,,,,,,,,,,,,,,,,,,,,,,,-1.957046912,0.217259773,0.006870357,-1.892356834,-2.19,-1.596474675,0.593525325
6412,6412,Brewster's Warbler (Golden-winged x Blue-winged),Passeriformes,Parulidae,Vermivora,cyanoptera x chrysoptera,10,3,BRWA,,NA,,,<10,,,0,,brewar,,,,,,,,,,,,,,,,,,,,,,,0.567252813,0.216790538,0.006855519,0.576771921,0.11277532,0.964905334,0.852130014
6410,6410,Blue-winged Warbler,Passeriformes,Parulidae,Vermivora,cyanoptera,6225,1,BWWA,,NA,,,<10,,,0,,blwwar,,,,,,,,,,,,,,,,,,,,,,,2.497832584,0.236350849,0.00747407,2.499442168,2.012576207,2.98322011,0.970643903
5610,5610,Clay-colored Sparrow,Passeriformes,Passerellidae,Spizella,pallida,14,3,CCSP,,NA,,,<10,,,0,,clcspa,,,,,,,,,,,,,,,,,,,,,,,1.112309821,0.366455388,0.011588337,1.11786988,0.417898212,1.857819464,1.439921252
6580,6580,Cerulean Warbler,Passeriformes,Parulidae,Setophaga,cerulea,136,1,CERW,,0,,,<10,,,217,,cerwar,,,,,,,,,,,,,,,,,,,,,,,0.315731226,0.286700979,0.009066281,0.164677947,0.164590807,0.987051215,0.822460408
6120,6120,Cliff Swallow,Passeriformes,Hirundinidae,Petrochelidon,pyrrhonota,15017,1,CLSW,,NA,,,<10,,,0,,cliswa,,,,,,,,,,,,,,,,,,,,,,,0.519488877,0.236639681,0.007483204,0.530671467,0.005143701,0.94748539,0.942341689
3330,3330,Cooper's Hawk,Accipitriformes,Accipitridae,Accipiter,cooperii,374,1,COHA,,8,,,<10,,,14,,coohaw,,,,,,,,,,,,,,,,,,,,,,,1.742711106,0.476273916,0.015061104,1.709069263,0.942627421,2.78382201,1.84119459
6780,6780,Connecticut Warbler,Passeriformes,Parulidae,Oporornis,agilis,1,3,COWA,,0,,,<10,,,1,,conwar,,,,,,,,,,,,,,,,,,,,,,,1.90362173,0.255030575,0.008064775,1.894865422,1.450949966,2.471804461,1.020854494
6040,6040,Dickcissel,Passeriformes,Cardinalidae,Spiza,americana,7,3,DICK,,NA,,,<10,,,0,,dickci,,,,,,,,,,,,,,,,,,,,,,,0.254387123,0.265407625,0.008392926,0.255974858,-0.269822129,0.778543563,1.048365692
5010,5010,Eastern Meadowlark,Passeriformes,Icteridae,Sturnella,magna,36222,4,EAME,,NA,,,<10,,,0,,easmea,,,,,,,,,,,,,,,,,,,,,,,0.572281013,0.228216561,0.007216841,0.581275678,0.086626449,0.992876926,0.906250477
4930,4930,European Starling,Passeriformes,Sturnidae,Sturnus,vulgaris,569788,4,EUST,,NA,,,<10,,,0,,eursta,,,,,,,,,,,,,,,,,,,,,,,0.853556993,0.183879995,0.005814796,0.864587161,0.491758467,1.181288463,0.689529997
5630,5630,Field Sparrow,Passeriformes,Passerellidae,Spizella,pusilla,25433,1,FISP,399,2,401,0.004987531,<10,,,1,,fiespa,,,,,,,,,,,,,,,,,,,,,,,0.967503154,0.285414693,0.009025605,0.967916433,0.403334515,1.538001186,1.134666671
5850,5850,Fox Sparrow,Passeriformes,Passerellidae,Passerella,iliaca,175,1,FOSP,,8,20,,<10,,,20,,foxspa,,,,,,,,,,,,,,,,,,,,,,,2.248191776,0.156227066,0.004940334,2.247188587,1.940529456,2.54901307,0.608483613
7570,7570,Gray-cheeked Thrush,Passeriformes,Turdidae,Catharus,minimus,2,1,GCTH,,NA,,,<10,,,0,,grcthr,,,,,,,,,,,,,,,,,,,,,,,2.691341669,0.029979307,0.000948029,2.680477968,2.677243815,2.783215366,0.105971551
3750,3750,Great Horned Owl,Strigiformes,Strigidae,Bubo,virginianus,319,1,GHOW,,0,342,,<10,,,342,,grhowl,,,,,,,,,,,,,,,,,,,,,,,-1.311399975,0.246364251,0.007790722,-1.312068656,-1.791176292,-0.836955593,0.9542207
5460,5460,Grasshopper Sparrow,Passeriformes,Passerellidae,Ammodramus,savannarum,1285,4,GRSP,,4,4,,<10,,,4,,graspa,,,,,,,,,,,,,,,,,,,,,,,1.800442193,0.27369712,0.008655063,1.793565135,1.287211794,2.350833625,1.063621831
6420,6420,Golden-winged Warbler,Passeriformes,Parulidae,Vermivora,chrysoptera,710,1,GWWA,,NA,,,<10,,,0,,gowwar,,,,,,,,,,,,,,,,,,,,,,,0.178829173,0.154862603,0.004897185,0.18479759,-0.126797346,0.468732972,0.595530318
5470,5470,Henslow's Sparrow,Passeriformes,Passerellidae,Centronyx,henslowii,378,4,HESP,,NA,,,<10,,,0,,henspa,,,,,,,,,,,,,,,,,,,,,,,0.212839189,0.319111144,0.01009118,0.210333137,-0.427423015,0.810900564,1.238323578
5190,5190,House Finch,Passeriformes,Fringillidae,Haemorhous,mexicanus,49502,1,HOFI,,0,,,<10,,,1,,houfin,,,,,,,,,,,,,,,,,,,,,,,1.00140449,0.149537729,0.004728798,0.97723351,0.765378531,1.250083357,0.484704826
4740,4740,Horned Lark,Passeriformes,Alaudidae,Eremophila,alpestris,5670,4,HOLA,,NA,,,<10,,,0,,horlar,,,,,,,,,,,,,,,,,,,,,,,0.027519199,0.28605387,0.009045818,0.042517025,-0.544941225,0.572426839,1.117368063
6882,6882,House Sparrow,Passeriformes,Passeridae,Passer,domesticus,194663,4,HOSP,,NA,,,<10,,,0,,houspa,,,,,,,,,,,,,,,,,,,,,,,3.732979917,0.222946433,0.007050185,3.723107365,3.284130264,4.160800988,0.876670723
6840,6840,Hooded Warbler,Passeriformes,Parulidae,Setophaga,citrina,1116,1,HOWA,812,3,815,0.003680982,<10,,,19,,hoowar,,,,,,,,,,,,,,,,,,,,,,,2.376043717,0.182719224,0.005778089,2.384317852,2.005574182,2.725750793,0.720176611
7210,7210,House Wren,Passeriformes,Troglodytidae,Troglodytes,aedon,69603,1,HOWR,794,5,799,0.006257822,<10,,,0,,houwre,,,,,,,,,,,,,,,,,,,,,,,7.113111897,0.925433487,0.029382543,7.001021279,5.584954403,9.255361306,3.670406903
6770,6770,Kentucky Warbler,Passeriformes,Parulidae,Geothlypis,formosa,4,3,KEWA,,0,,,<10,,,99,,kenwar,,,,,,,,,,,,,,,,,,,,,,,3.440375579,0.192173974,0.006077075,3.45166838,3.054089317,3.811232948,0.757143631
3660,3660,Long-eared Owl,Strigiformes,Strigidae,Asio,otus,7,3,LEOW,,0,,,<10,,,13,,loeowl,,,,,,,,,,,,,,,,,,,,,,,0.065031094,0.22747365,0.007193348,0.079206346,-0.430115416,0.481451542,0.911566958
5830,5830,Lincoln's Sparrow,Passeriformes,Passerellidae,Melospiza,lincolnii,1086,1,LISP,,0,,,<10,,,0,,linspa,,,,,,,,,,,,,,,,,,,,,,,1.973770701,0.159111246,0.005031539,1.976442268,1.657525404,2.278270471,0.620745067
6220,6220,Loggerhead Shrike,Passeriformes,Laniidae,Lanius,ludovicianus,10,3,LOSH,,NA,,,<10,,,0,,logshr,,,,,,,,,,,,,,,,,,,,,,,2.858619823,0.271073776,0.008572105,2.871995107,2.311236838,3.373456961,1.062220123
7250,7250,Marsh Wren,Passeriformes,Troglodytidae,Cistothorus,palustris,1219,2,MAWR,,0,,,<10,,,0,,marwre,,,,,,,,,,,,,,,,,,,,,,,-0.114742253,0.302396872,0.009562629,-0.091405647,-0.775313822,0.402730231,1.178044052
2890,2890,Northern Bobwhite,Galliformes,Odontophoridae,Colinus,virginianus,5027,4,NOBO,,NA,,,<10,,,0,,norbob,,,,,,,,,,,,,,,,,,,,,,,1.317163119,0.064671329,0.002045087,1.313675368,1.186050431,1.463225553,0.277175122
3310,3310,Northern Harrier,Accipitriformes,Accipitridae,Circus,hudsonius,432,1,NOHA,,NA,,,<10,,,0,,norhar,,,,,,,,,,,,,,,,,,,,,,,0.349390144,0.102963695,0.003255998,0.351042906,0.147234818,0.547876072,0.400641254
7030,7030,Northern Mockingbird,Passeriformes,Mimidae,Mimus,polyglottos,17771,1,NOMO,,NA,,,<10,,,0,,normoc,,,,,,,,,,,,,,,,,,,,,,,1.426246836,0.304401874,0.009626032,1.431575676,0.799122503,1.991694496,1.192571994
6170,6170,Northern Rough-winged Swallow,Passeriformes,Hirundinidae,Stelgidopteryx,serripennis,3780,4,NRWS,,NA,,,<10,,,0,,,,,,,,,,,,,,,,,,,,,,,,,0.215917495,0.228681987,0.007231559,0.2337178,-0.250720217,0.643935715,0.894655931
5060,5060,Orchard Oriole,Passeriformes,Icteridae,Icterus,spurius,347,1,OROR,,NA,,,<10,,,0,,orcori,,,,,,,,,,,,,,,,,,,,,,,-0.491055173,0.237354401,0.007505805,-0.478206838,-0.974650591,-0.084225564,0.890425027
6720,6720,Palm Warbler,Passeriformes,Parulidae,Setophaga,palmarum,171,1,PAWA,,0,,,<10,,,1,,palwar,,,,,,,,,,,,,,,,,,,,,,,1.699760475,0.273799318,0.008658295,1.701620664,1.158929633,2.237416943,1.07848731
5150,5150,Pine Grosbeak,Passeriformes,Fringillidae,Pinicola,enucleator,26,1,PIGR,,0,,,<10,,,62,,pingro,,,,,,,,,,,,,,,,,,,,,,,-0.163990281,0.279799157,0.008848026,-0.168122217,-0.699385575,0.378113323,1.077498899
6730,6730,Prairie Warbler,Passeriformes,Parulidae,Setophaga,discolor,3535,1,PRAW,,0,,,<10,,,4,,prawar,,,,,,,,,,,,,,,,,,,,,,,6.584167865,0.519934223,0.016449991,6.545372059,5.626417015,7.691816029,2.065399014
6370,6370,Prothonotary Warbler,Passeriformes,Parulidae,Protonotaria,citrea,5,3,PROW,,0,,,<10,,,2,,prowar,,,,,,,,,,,,,,,,,,,,,,,0.816932807,0.065157307,0.002060455,0.817992054,0.677242457,0.933827938,0.256585481
6110,6110,Purple Martin,Passeriformes,Hirundinidae,Progne,subis,4444,4,PUMA,,0,,,<10,,,6,,purmar,,,,,,,,,,,,,,,,,,,,,,,3.852285588,0.034484189,0.001090486,3.842833901,3.833921863,3.971218241,0.137296377
4060,4060,Red-headed Woodpecker,Piciformes,Picidae,Melanerpes,erythrocephalus,194,1,RHWO,713,0,713,0,<10,,,23,,rehwoo,,,,,,,,,,,,,,,,,,,,,,,2.976109721,0.07465287,0.002360731,2.960696197,2.900763541,3.138713681,0.23795014
3091,3091,Ring-necked Pheasant,Galliformes,Phasianidae,Phasianus,colchicus,12013,4,RNPH,,0,,,<10,,,12,,rinphe,,,,,,,,,,,,,,,,,,,,,,,-0.480670877,0.246348754,0.007790232,-0.469174113,-1.026113253,-0.040730063,0.98538319
3131,3131,Rock Pigeon,Columbiformes,Columbidae,Columba,livia,78875,1,ROPI,,0,,,<10,,,0,,rocpig,,,,,,,,,,,,,,,,,,,,,,,2.130498129,0.14394602,0.004551973,2.130241588,1.855559353,2.422698443,0.567139091
5090,5090,Rusty Blackbird,Passeriformes,Icteridae,Euphagus,carolinus,218,1,RUBL,,NA,,,<10,,,0,,rusbla,,,,,,,,,,,,,,,,,,,,,,,-0.873211998,0.268702102,0.008497107,-0.872403007,-1.410539868,-0.364024487,1.046515382
3000,3000,Ruffed Grouse,Galliformes,Phasianidae,Bonasa,umbellus,1267,1,RUGR,793,7,800,0.00875,<10,,,1,,rufgro,,,,,,,,,,,,,,,,,,,,,,,1.727667276,0.376589936,0.011908819,1.721795196,0.982008489,2.447383581,1.465375091
5420,5420,Savannah Sparrow,Passeriformes,Passerellidae,Passerculus,sandwichensis,44263,1,SAVS,,0,,,<10,,,0,,savspa,,,,,,,,,,,,,,,,,,,,,,,1.750006121,0.49550722,0.015669314,1.736446959,0.832601063,2.70105365,1.868452587
2980,2980,Spruce Grouse,Galliformes,Phasianidae,Canachites,canadensis,2,1,SPGR,,0,,,<10,,,1,,sprgro,,,,,,,,,,,,,,,,,,,,,,,0.313304946,0.096693674,0.003057722,0.31808122,0.117731138,0.484026429,0.36629529
5840,5840,Swamp Sparrow,Passeriformes,Passerellidae,Melospiza,georgiana,13270,1,SWSP,,0,,,<10,,,1,,swaspa,,,,,,,,,,,,,,,,,,,,,,,1.218886966,0.169631439,0.005364217,1.228950905,0.876559388,1.528587554,0.652028166
6140,6140,Tree Swallow,Passeriformes,Hirundinidae,Tachycineta,bicolor,92825,1,TRES,,NA,,,<10,,,0,,treswa,,,,,,,,,,,,,,,,,,,,,,,2.77807819,0.205533144,0.006499529,2.778329596,2.400067081,3.18104911,0.780982029
3250,3250,Turkey Vulture,Cathartiformes,Cathartidae,Cathartes,aura,4256,1,TUVU,,NA,,,<10,,,0,,turvul,,,,,,,,,,,,,,,,,,,,,,,1.572144526,0.260078534,0.008224405,1.578226772,1.055361008,2.056079166,1.000718158
5400,5400,Vesper Sparrow,Passeriformes,Passerellidae,Pooecetes,gramineus,5372,1,VESP,,0,,,<10,,,9,,vesspa,,,,,,,,,,,,,,,,,,,,,,,1.841306451,0.207697722,0.006567979,1.84532136,1.429000539,2.250433936,0.821433396
6270,6270,Warbling Vireo,Passeriformes,Vireonidae,Vireo,gilvus,24221,1,WAVI,799,4,803,0.00498132,<10,,,4,,warvir,,,,,,,,,,,,,,,,,,,,,,,3.508521462,0.513757949,0.016246453,3.541331986,2.80432043,4.578918841,1.774598411
6310,6310,White-eyed Vireo,Passeriformes,Vireonidae,Vireo,griseus,213,1,WEVI,,NA,,,<10,,,0,,whevir,,,,,,,,,,,,,,,,,,,,,,,2.037723716,0.368583312,0.011655628,2.030670918,1.342583344,2.802006338,1.459422995
6390,6390,Worm-eating Warbler,Passeriformes,Parulidae,Helmitheros,vermivorum,507,1,WEWA,,0,,,<10,,,4,,woewar1,,,,,,,,,,,,,,,,,,,,,,,-0.667458803,0.237144301,0.007499161,-0.66251901,-1.126815877,-0.191106054,0.935709823
4660,4660,Willow Flycatcher,Passeriformes,Tyrannidae,Empidonax,traillii,10612,1,WIFL,,NA,,,<10,,,0,,wilfly,,,,,,,,,,,,,,,,,,,,,,,NA,NA,NA,NA,NA,NA,NA
6850,6850,Wilson's Warbler,Passeriformes,Parulidae,Cardellina,pusilla,277,1,WIWA,,0,,,<10,,,3,,wlswar,,,,,,,,,,,,,,,,,,,,,,,-1.082273921,0.339855893,0.010747187,-1.071244672,-1.747045988,-0.473915427,1.273130561
6830,6830,Yellow-breasted Chat,Passeriformes,Icteriidae,Icteria,virens,67,1,YBCH,,NA,,,<10,,,0,,yebcha,,,,,,,,,,,,,,,,,,,,,,,5.34107353,0.360810521,0.01140983,5.303358528,4.746069667,6.178804198,1.432734531
6520,6520,Yellow Warbler,Passeriformes,Parulidae,Setophaga,petechia,99801,1,YEWA,796,1,797,0.001254705,<10,,,0,,yelwar,,,,,,,,,,,,,,,,,,,,,,,-0.98649076,0.233264103,0.007376459,-0.978754811,-1.453837394,-0.55284561,0.900991783
6280,6280,Yellow-throated Vireo,Passeriformes,Vireonidae,Vireo,flavifrons,4672,1,YTVI,,0,277,,<10,,,277,,yetvir,,,,,,,,,,,,,,,,,,,,,,,-0.602987285,0.267491877,0.008458836,-0.595493378,-1.142990877,-0.099839821,1.043151056
4900,4900,Fish Crow,Passeriformes,Corvidae,Corvus,ossifragus,1001,2,FICR,,??,,,Exclude,,,??,,fiscro,,,,,,,,,,,,,,,,,,,,,,,,,,,,,
6260,6260,Philadelphia Vireo,Passeriformes,Vireonidae,Vireo,philadelphicus,686,4,PHVI,,NA,,,Exclude,,,78,,phivir,,,,,,,,,,,,,,,,,,,,,,,,,,,,,
1900,1900,American Bittern,Pelecaniformes,Ardeidae,Botaurus,lentiginosus,1671,2,,,,,,Exclude,,,,,amebit,,,,,,,,,,,,,,,,,,,,,,,,,,,,,
1330,1330,American Black Duck,Anseriformes,Anatidae,Anas,rubripes,2295,0,,,,,,Exclude,,,,,,,,,,,,,,,,,,,,,,,,,,,,-0.505419893,0.282130775,0.008921758,-0.505233114,-1.053683289,0.062381238,1.116064527
2210,2210,American Coot,Gruiformes,Rallidae,Fulica,americana,16,2,,,,,,Exclude,,,,,amecoo,,,,,,,,,,,,,,,,,,,,,,,,,,,,,
2860,2860,American Oystercatcher,Charadriiformes,Haematopodidae,Haematopus,palliatus,5,0,,,,,,Exclude,,,,,,,,,,,,,,,,,,,,,,,,,,,,0.384696658,0.284630708,0.009000813,0.394735256,-0.18261045,0.92767086,1.11028131
2280,2280,American Woodcock,Charadriiformes,Scolopacidae,Scolopax,minor,441,0,,,,,,Exclude,,,,,,,,,,,,,,,,,,,,,,,,,,,,0.421341277,0.253035856,0.008001696,0.433386987,-0.089517552,0.89063787,0.980155422
3520,3520,Bald Eagle,Accipitriformes,Accipitridae,Haliaeetus,leucocephalus,124,2,,,,,,Exclude,,,,,baleag,,,,,,,,,,,,,,,,,,,,,,,,,,,,,
3900,3900,Belted Kingfisher,Coraciiformes,Alcedinidae,Megaceryle,alcyon,4215,2,,,,,,Exclude,,,,,belkin,,,,,,,,,,,,,,,,,,,,,,,,,,,,,
800,800,Black Skimmer,Charadriiformes,Laridae,Rynchops,niger,55,0,,,,,,Exclude,,,,,,,,,,,,,,,,,,,,,,,,,,,,-1.652497119,0.296675094,0.00938169,-1.608152107,-2.19,-1.188836057,1.001163943
770,770,Black Tern,Charadriiformes,Laridae,Chlidonias,niger,31,0,,,,,,Exclude,,,,,,,,,,,,,,,,,,,,,,,,,,,,3.30333694,0.273950497,0.008663075,3.290438638,2.775598941,3.850351083,1.074752142
2020,2020,Black-crowned Night-Heron,Pelecaniformes,Ardeidae,Nycticorax,nycticorax,406,2,,,,,,Exclude,,,,,bcnher,,,,,,,,,,,,,,,,,,,,,,,,,,,,,
1400,1400,Blue-winged Teal,Anseriformes,Anatidae,Spatula,discors,150,0,,,,,,Exclude,,,,,,,,,,,,,,,,,,,,,,,,,,,,2.215737157,0.118129971,0.003735598,2.224983823,1.96701088,2.415891916,0.448881037
5130,5130,Boat-tailed Grackle,Passeriformes,Icteridae,Quiscalus,major,6,0,,,,,,Exclude,,,,,,,,,,,,,,,,,,,,,,,,,,,,0.64654449,0.261167394,0.008258838,0.647102978,0.071430675,1.108617642,1.037186967
600,600,Bonaparte's Gull,Charadriiformes,Laridae,Chroicocephalus,philadelphia,6,0,,,,,,Exclude,,,,,,,,,,,,,,,,,,,,,,,,,,,,-0.842111607,0.283555747,0.00896682,-0.83524481,-1.424323958,-0.289168469,1.13515549
1720,1720,Canada Goose,Anseriformes,Anatidae,Branta,canadensis,34770,0,,,,,,Exclude,,,,,,,,,,,,,,,,,,,,,,,,,,,,-0.897487219,0.243121291,0.00768817,-0.894425639,-1.374965668,-0.435357213,0.939608456
1470,1470,Canvasback,Anseriformes,Anatidae,Aythya,valisineria,1,0,,,,,,Exclude,,,,,,,,,,,,,,,,,,,,,,,,,,,,3.055732171,0.106475447,0.003367049,3.052545959,2.896015174,3.301409959,0.405394785
7360,7360,Carolina Chickadee,Passeriformes,Paridae,Poecile,carolinensis,1,0,,,,,,Exclude,,,,,,,,,,,,,,,,,,,,,,,,,,,,4.024155221,0.491157173,0.015531754,4.010569786,2.979791469,5.008627505,2.028836036
640,640,Caspian Tern,Charadriiformes,Laridae,Hydroprogne,caspia,5,0,,,,,,Exclude,,,,,,,,,,,,,,,,,,,,,,,,,,,,1.295542365,0.174700149,0.005524504,1.298333184,0.925570153,1.614917005,0.689346852
2001,2001,Cattle Egret,Pelecaniformes,Ardeidae,Bubulcus,ibis,6,2,,,,,,Exclude,,,,,categr,,,,,,,,,,,,,,,,,,,,,,,,,,,,,
2110,2110,Clapper Rail,Gruiformes,Rallidae,Rallus,crepitans,21,2,,,,,,Exclude,,,,,clarai,,,,,,,,,,,,,,,,,,,,,,,,,,,,,
1590,1590,Common Eider,Anseriformes,Anatidae,Somateria,mollissima,684,0,,,,,,Exclude,,,,,,,,,,,,,,,,,,,,,,,,,,,,1.703149878,1.163019999,0.036851699,1.473922294,0.149030028,4.742172523,4.593142495
2190,2190,Common Gallinule,Gruiformes,Rallidae,Gallinula,galeata,58,2,,,,,,Exclude,,,,,comgal,,,,,,,,,,,,,,,,,,,,,,,,,,,,,
1510,1510,Common Goldeneye,Anseriformes,Anatidae,Bucephala,clangula,78,0,,,,,,Exclude,,,,,,,,,,,,,,,,,,,,,,,,,,,,1.518648944,0.180935691,0.005721689,1.522789244,1.137524219,1.843128862,0.705604642
70,70,Common Loon,Gaviiformes,Gaviidae,Gavia,immer,2173,2,,,,,,Exclude,,,,,comloo,,,,,,,,,,,,,,,,,,,,,,,,,,,,,
1290,1290,Common Merganser,Anseriformes,Anatidae,Mergus,merganser,970,0,,,,,,Exclude,,,,,,,,,,,,,,,,,,,,,,,,,,,,-0.222619643,0.230127861,0.007277282,-0.226396051,-0.655387085,0.249904208,0.905291293
700,700,Common Tern,Charadriiformes,Laridae,Sterna,hirundo,1676,0,,,,,,Exclude,,,,,,,,,,,,,,,,,,,,,,,,,,,,0.224517528,0.270986516,0.008569346,0.254950312,-0.388446028,0.639331891,1.027777919
1200,1200,Double-crested Cormorant,Suliformes,Phalacrocoracidae,Nannopterum,auritum,2925,0,,,,,,Exclude,,,,,,,,,,,,,,,,,,,,,,,,,,,,-0.826528376,0.241021813,0.007621779,-0.817359167,-1.301444462,-0.378069392,0.92337507
22860,22860,Eurasian Collared-Dove,Columbiformes,Columbidae,Streptopelia,decaocto,2,0,,,,,,Exclude,,,,,,,,,,,,,,,,,,,,,,,,,,,,0.691803194,0.239816211,0.007583654,0.691129576,0.216562986,1.166787451,0.950224464
690,690,Forster's Tern,Charadriiformes,Laridae,Sterna,forsteri,5,0,,,,,,Exclude,,,,,,,,,,,,,,,,,,,,,,,,,,,,1.171778391,0.227796996,0.007203574,1.161484801,0.740078229,1.630441578,0.890363349
1350,1350,Gadwall,Anseriformes,Anatidae,Mareca,strepera,36,0,,,,,,Exclude,,,,,gadwal,,,,,,,,,,,,,,,,,,,,,,,0.120955212,0.294432749,0.009310781,0.134512072,-0.491970067,0.646152059,1.138122126
1860,1860,Glossy Ibis,Pelecaniformes,Threskiornithidae,Plegadis,falcinellus,152,2,,,,,,Exclude,,,,,gloibi,,,,,,,,,,,,,,,,,,,,,,,,,,,,,
3490,3490,Golden Eagle,Accipitriformes,Accipitridae,Aquila,chrysaetos,1,0,,,,,,Exclude,,,,,goleag,,,,,,,,,,,,,,,,,,,,,,,-0.497369959,0.21721276,0.006868871,-0.495899756,-0.928535385,-0.102114398,0.826420987
2881,2881,Gray Partridge,Galliformes,Phasianidae,Perdix,perdix,4,0,,,,,,Exclude,,,,,garpar,,,,,,,,,,,,,,,,,,,,,,,1.193414133,0.23250029,0.007352305,1.197326747,0.713535652,1.649002897,0.935467244
470,470,Great Black-backed Gull,Charadriiformes,Laridae,Larus,marinus,1722,0,,,,,,Exclude,,,,,gbbgull,,,,,,,,,,,,,,,,,,,,,,,-2.19,0,0,-2.19,-2.19,-2.19,0
1940,1940,Great Blue Heron,Pelecaniformes,Ardeidae,Ardea,herodias,6671,2,,,,,,Exclude,,,,,grbher,,,,,,,,,,,,,,,,,,,,,,,,,,,,,
1960,1960,Great Egret,Pelecaniformes,Ardeidae,Ardea,alba,220,2,,,,,,Exclude,,,,,greegr,,,,,,,,,,,,,,,,,,,,,,,,,,,,,
2010,2010,Green Heron,Pelecaniformes,Ardeidae,Butorides,virescens,2690,2,,,,,,Exclude,,,,,grnher,,,,,,,,,,,,,,,,,,,,,,,,,,,,,
1390,1390,Green-winged Teal,Anseriformes,Anatidae,Anas,crecca,48,0,,,,,,Exclude,,,,,grwtea,,,,,,,,,,,,,,,,,,,,,,,5.729593775,0.415316413,0.013133458,5.714569523,4.987437005,6.633503281,1.646066276
510,510,Herring Gull,Charadriiformes,Laridae,Larus,argentatus,31930,0,,,,,,Exclude,,,,,hergul,,,,,,,,,,,,,,,,,,,,,,,-0.62560967,0.264841746,0.008375031,-0.614947896,-1.157129038,-0.156764078,1.00036496
1310,1310,Hooded Merganser,Anseriformes,Anatidae,Lophodytes,cucullatus,352,0,,,,,,Exclude,,,,,hoomer,,,,,,,,,,,,,,,,,,,,,,,2.405800808,0.139939169,0.004425265,2.418335619,2.119069763,2.662371194,0.543301431
2730,2730,Killdeer,Charadriiformes,Charadriidae,Charadrius,vociferus,28305,0,,,,,,Exclude,,,,,killde,,,,,,,,,,,,,,,,,,,,,,,3.153287258,0.237424862,0.007508033,3.157788279,2.65222496,3.602786922,0.950561962
2080,2080,King Rail,Gruiformes,Rallidae,Rallus,elegans,2,2,,,,,,Exclude,,,,,kinrai,,,,,,,,,,,,,,,,,,,,,,,,,,,,,
580,580,Laughing Gull,Charadriiformes,Laridae,Leucophaeus,atricilla,93,0,,,,,,Exclude,,,,,laugul,,,,,,,,,,,,,,,,,,,,,,,1.565727012,0.313294804,0.009907252,1.584137764,0.940286024,2.135830432,1.195544408
6413,6413,Lawrence's Warbler (Golden-winged x Blue-winged),Passeriformes,Parulidae,Vermivora,chrysoptera x cyanoptera,1,0,,,,,,Exclude,,,,,lawwar,,,,,,,,,,,,,,,,,,,,,,,-1.294180203,0.176893995,0.005593879,-1.301178707,-1.633283058,-0.943297486,0.689985572
1910,1910,Least Bittern,Pelecaniformes,Ardeidae,Ixobrychus,exilis,21,2,,,,,,Exclude,,,,,leabit,,,,,,,,,,,,,,,,,,,,,,,,,,,,,
740,740,Least Tern,Charadriiformes,Laridae,Sternula,antillarum,319,0,,,,,,Exclude,,,,,leater,,,,,,,,,,,,,,,,,,,,,,,3.684323749,0.286243634,0.009051818,3.685619516,3.153175789,4.252086299,1.09891051
2000,2000,Little Blue Heron,Pelecaniformes,Ardeidae,Egretta,caerulea,4,2,,,,,,Exclude,,,,,libher,,,,,,,,,,,,,,,,,,,,,,,,,,,,,
1320,1320,Mallard,Anseriformes,Anatidae,Anas,platyrhynchos,16698,0,,,,,,Exclude,,,,,mallar,,,,,,,,,,,,,,,,,,,,,,,,,,,,,
1782,1782,Mute Swan,Anseriformes,Anatidae,Cygnus,olor,2033,0,,,,,,Exclude,,,,,mutswa,,,,,,,,,,,,,,,,,,,,,,,,,,,,,
5491,5491,Nelson's Sparrow,Passeriformes,Passerellidae,Ammospiza,nelsoni,4,0,,,,,,Exclude,,,,,nelspa,,,,,,,,,,,,,,,,,,,,,,,,,,,,,
1430,1430,Northern Pintail,Anseriformes,Anatidae,Anas,acuta,3,0,,,,,,Exclude,,,,,norpin,,,,,,,,,,,,,,,,,,,,,,,,,,,,,
3640,3640,Osprey,Accipitriformes,Pandionidae,Pandion,haliaetus,911,2,,,,,,Exclude,,,,,osprey,,,,,,,,,,,,,,,,,,,,,,,,,,,,,
60,60,Pied-billed Grebe,Podicipediformes,Podicipedidae,Podilymbus,podiceps,130,0,,,,,,Exclude,,,,,pibgre,,,,,,,,,,,,,,,,,,,,,,,,,,,,,
2770,2770,Piping Plover,Charadriiformes,Charadriidae,Charadrius,melodus,7,0,,,,,,Exclude,,,,,pipplo,,,,,,,,,,,,,,,,,,,,,,,,,,,,,
1300,1300,Red-breasted Merganser,Anseriformes,Anatidae,Mergus,serrator,5,0,,,,,,Exclude,,,,,rebmer,,,,,,,,,,,,,,,,,,,,,,,,,,,,,
1460,1460,Redhead,Anseriformes,Anatidae,Aythya,americana,1,0,,,,,,Exclude,,,,,redhea,,,,,,,,,,,,,,,,,,,,,,,,,,,,,
540,540,Ring-billed Gull,Charadriiformes,Laridae,Larus,delawarensis,53449,0,,,,,,Exclude,,,,,ribgul,,,,,,,,,,,,,,,,,,,,,,,,,,,,,
1500,1500,Ring-necked Duck,Anseriformes,Anatidae,Aythya,collaris,153,0,,,,,,Exclude,,,,,rinduc,,,,,,,,,,,,,,,,,,,,,,,,,,,,,
720,720,Roseate Tern,Charadriiformes,Laridae,Sterna,dougallii,21,0,,,,,,Exclude,,,,,roster,,,,,,,,,,,,,,,,,,,,,,,,,,,,,
1670,1670,Ruddy Duck,Anseriformes,Anatidae,Oxyura,jamaicensis,1,0,,,,,,Exclude,,,,,rudduck,,,,,,,,,,,,,,,,,,,,,,,,,,,,,
5490,5490,Saltmarsh Sparrow,Passeriformes,Passerellidae,Ammospiza,caudacuta,17,2,,,,,,Exclude,,,,,salspa,,,,,,,,,,,,,,,,,,,,,,,,,,,,,
2060,2060,Sandhill Crane,Gruiformes,Gruidae,Antigone,canadensis,2,0,,,,,,Exclude,,,,,sancra,,,,,,,,,,,,,,,,,,,,,,,,,,,,,
5500,5500,Seaside Sparrow,Passeriformes,Passerellidae,Ammospiza,maritima,8,0,,,,,,Exclude,,,,,seaspa,,,,,,,,,,,,,,,,,,,,,,,,,,,,,
7240,7240,Sedge Wren,Passeriformes,Troglodytidae,Cistothorus,stellaris,52,2,,,,,,Exclude,,,,,sedwre,,,,,,,,,,,,,,,,,,,,,,,,,,,,,
1970,1970,Snowy Egret,Pelecaniformes,Ardeidae,Egretta,thula,317,2,,,,,,Exclude,,,,,,,,,,,,,,,,,,,,,,,,,,,,,,,,,,
2140,2140,Sora,Gruiformes,Rallidae,Porzana,carolina,47,2,,,,,,Exclude,,,,,,,,,,,,,,,,,,,,,,,,,,,,,,,,,,
2630,2630,Spotted Sandpiper,Charadriiformes,Scolopacidae,Actitis,macularius,1464,0,,,,,,Exclude,,,,,sposan,,,,,,,,,,,,,,,,,,,,,,,,,,,,,
2610,2610,Upland Sandpiper,Charadriiformes,Scolopacidae,Bartramia,longicauda,886,0,,,,,,Exclude,,,,,uplsan,,,,,,,,,,,,,,,,,,,,,,,,,,,,,
2120,2120,Virginia Rail,Gruiformes,Rallidae,Rallus,limicola,108,2,,,,,,Exclude,,,,,virrai,,,,,,,,,,,,,,,,,,,,,,,,,,,,,
5011,5011,Western Meadowlark,Passeriformes,Icteridae,Sturnella,neglecta,6,0,,,,,,Exclude,,,,,wesmea,,,,,,,,,,,,,,,,,,,,,,,,,,,,,
2580,2580,Willet,Charadriiformes,Scolopacidae,Tringa,semipalmata,272,0,,,,,,Exclude,,,,,willet,,,,,,,,,,,,,,,,,,,,,,,,,,,,,
2300,2300,Wilson's Snipe,Charadriiformes,Scolopacidae,Gallinago,delicata,4074,0,,,,,,Exclude,,,,,wilsni,,,,,,,,,,,,,,,,,,,,,,,,,,,,,
1440,1440,Wood Duck,Anseriformes,Anatidae,Aix,sponsa,3041,0,,,,,,Exclude,,,,,wooduc,,,,,,,,,,,,,,,,,,,,,,,,,,,,,
2030,2030,Yellow-crowned Night-Heron,Pelecaniformes,Ardeidae,Nyctanassa,violacea,9,2,,,,,,Exclude,,,,,ycnher,,,,,,,,,,,,,,,,,,,,,,,,,,,,,
4000,4000,Black-backed Woodpecker,Piciformes,Picidae,Picoides,arcticus,139,1,BBWO,783,32,815,0.039263804,Include,no,no,12,no_threshold,bkbwoo,,,,,,,,,,,1000,1000,1,NA,NA,NA,NA,NA,NA,NA,Non-estimable,3,2.864210909,0.059992942,0.001897143,2.85364041,2.78846456,2.9963959,0.20793134
4950,4950,Brown-headed Cowbird,Passeriformes,Icteridae,Molothrus,ater,64990,1,BHCO,790,30,820,0.036585366,Include,no,no,22,no_threshold,bnhcow,,,,,,,,,,,0,1000,0,0.6456518,0.083443238,0.002638707,0.697440044,0.541003866,0.741581124,0.200577258,Estimable,1,0.471207839,0.353948459,0.011192833,0.164740462,0.164713633,1.047318354,0.882604721
4840,4840,Canada Jay,Passeriformes,Corvidae,Perisoreus,canadensis,394,1,CAJA,681,20,701,0.02853067,Include,no,no,2,no_threshold,gryjay,,,,,,,,,,,1000,1000,1,NA,NA,NA,NA,NA,NA,NA,Non-estimable,3,3.701553841,0.397564881,0.012572105,3.737176777,2.772180462,4.439638217,1.667457755
7180,7180,Carolina Wren,Passeriformes,Troglodytidae,Thryothorus,ludovicianus,5398,1,CARW,801,28,829,0.033775633,Include,no,no,29,no_threshold,carwre,,,,,,,,,,,1000,1000,1,NA,NA,NA,NA,NA,NA,NA,Non-estimable,3,7.028217096,0.583788957,0.018461028,7.046211549,6.013980325,8.182675109,2.168694784
5600,5600,Chipping Sparrow,Passeriformes,Passerellidae,Spizella,passerina,167122,1,CHSP,672,125,797,0.156838143,Include,no,no,0,no_threshold,chispa,,,,,,,,,,,206,1000,0.206,0.890136777,0.061298692,0.002175409,0.89353578,0.763764869,0.992160048,0.228395178,Non-estimable,3,2.245229824,0.56922513,0.018000479,2.191992872,1.277372978,3.443557949,2.166184971
6500,6500,Cape May Warbler,Passeriformes,Parulidae,Setophaga,tigrina,719,1,CMWA,795,21,816,0.025735294,Include,no,no,17,no_threshold,camwar,,,,,,,,,,,0,1000,0,0.961053276,0.00705775,0.000223186,0.956981349,0.95647104,0.973361459,0.016890419,Estimable,1,2.68482803,0.028824536,0.000911512,2.668807526,2.66558466,2.745450234,0.079865575
6810,6810,Common Yellowthroat,Passeriformes,Parulidae,Geothlypis,trichas,185557,1,COYE,582,227,809,0.280593325,Include,no,no,10,no_threshold,comyel,,,,,,,,,,,0,1000,0,0.499880645,0.017857828,0.000564714,0.499302551,0.466883611,0.537423869,0.070540258,Estimable,1,0.120443737,0.161164953,0.005096483,0.125250997,-0.191537682,0.430855913,0.622393595
7040,7040,Gray Catbird,Passeriformes,Mimidae,Dumetella,carolinensis,131882,1,GRCA,532,101,633,0.159557662,Include,no,no,3,no_threshold,grycat,,,,,,,,,,,35,1000,0.035,0.896450884,0.042646939,0.001372854,0.892432671,0.820869645,0.985424143,0.164554498,Estimable,1,1.84244808,0.255143679,0.008068352,1.826894911,1.385616584,2.34617131,0.960554726
3570,3570,Merlin,Falconiformes,Falconidae,Falco,columbarius,72,1,MERL,679,26,705,0.036879433,Include,no,no,11,no_threshold,merlin,,,,,,,,,,,1000,1000,1,NA,NA,NA,NA,NA,NA,NA,Non-estimable,3,3.756658696,0.034951272,0.001105256,3.741180419,3.73470518,3.833924735,0.099219555
5930,5930,Northern Cardinal,Passeriformes,Cardinalidae,Cardinalis,cardinalis,79323,1,NOCA,774,40,814,0.049140049,Include,no,no,16,no_threshold,norcar,,,,,,,,,,,0,1000,0,0.792836376,0.010507941,0.00033229,0.791846202,0.773888956,0.815234591,0.041345636,Estimable,1,1.263881423,0.084114808,0.002659944,1.264244744,1.093686546,1.425838484,0.332151937
3560,3560,Peregrine Falcon,Falconiformes,Falconidae,Falco,peregrinus,22,1,PEFA,551,81,632,0.128164557,Include,no,no,16,no_threshold,perfal,,,,,,,,,,,1000,1000,1,NA,NA,NA,NA,NA,NA,NA,Non-estimable,3,3.857703064,0.156879312,0.004960959,3.856593231,3.554848311,4.1621418,0.607293489
3370,3370,Red-tailed Hawk,Accipitriformes,Accipitridae,Buteo,jamaicensis,3827,1,RTHA,757,49,806,0.060794045,Include,no,no,7,no_threshold,rethaw,,,,,,,,,,,1000,1000,1,NA,NA,NA,NA,NA,NA,NA,Non-estimable,3,4.190408831,0.343802098,0.010871977,4.201753606,3.48696806,4.849295297,1.362327237
4280,4280,Ruby-throated Hummingbird,Apodiformes,Trochilidae,Archilochus,colubris,4039,1,RTHU,152,59,211,0.279620853,Include,no,no,6,no_threshold,rthhum,,,,,,,,,,,0,1000,0,0.720159567,0.01931466,0.000610783,0.720188225,0.682599864,0.758850257,0.076250393,Estimable,1,1.309356387,0.145251727,0.004593263,1.308384486,1.030681731,1.593941418,0.563259687
4980,4980,Red-winged Blackbird,Passeriformes,Icteridae,Agelaius,phoeniceus,525937,1,RWBL,461,165,626,0.263578275,Include,no,no,0,no_threshold,rewbla,,,,,,,,,,,167,1000,0.167,0.835649978,0.08096786,0.00280537,0.83289918,0.688293515,0.986797811,0.298504296,Estimable,1,1.571507293,0.989434913,0.031288679,1.404869178,0.219395592,3.668538588,3.449142996
5810,5810,Song Sparrow,Passeriformes,Passerellidae,Melospiza,melodia,266829,1,SOSP,293,270,563,0.479573712,Include,no,no,0,no_threshold,sonspa,,,,,,,,,,,0,1000,0,0.418487615,0.023503795,0.000743255,0.418050855,0.372410608,0.464050264,0.091639656,Estimable,1,-0.253473863,0.2139222,0.006764814,-0.264898646,-0.651388407,0.180513303,0.83190171
4650,4650,Acadian Flycatcher,Passeriformes,Tyrannidae,Empidonax,virescens,110,1,ACFL,798,57,855,0.066666667,Include,no,yes,55,no_threshold,acafly,2.28453651,0.19646184,0.006212669,0.776167021,1.899608902,2.675775923,1.518945731,1.828577797,2.723669947,3.671920497,0,1000,0,0.929662725,0.024187072,0.000764862,0.925857042,0.874232751,0.966170494,0.091937743,Estimable,1,2.643956512,0.019572765,0.000618945,2.635238096,2.633397428,2.688029499,0.054632071
3340,3340,Northern Goshawk,Accipitriformes,Accipitridae,Accipiter,gentilis,98,1,AGOS,679,168,847,0.198347107,Include,no,yes,49,no_threshold,norgos,2.196016765,0.220261372,0.006965276,0.850962962,1.80568832,2.656651282,1.113760081,1.540479025,2.774048863,4.080878865,0,1000,0,0.898183476,0.024805282,0.000784412,0.897152174,0.850327889,0.945520403,0.095192514,Estimable,1,2.010096833,0.076079183,0.002405835,2.0099643,1.859532499,2.159278634,0.299746135
4661,4661,Alder Flycatcher,Passeriformes,Tyrannidae,Empidonax,alnorum,22117,1,ALFL,737,89,826,0.107748184,Include,no,yes,28,no_threshold,aldfly,2.281449183,0.168057281,0.005314438,0.651593056,1.976024382,2.627617438,1.474498976,1.795743411,2.724404889,3.708218406,1,1000,0.001,0.913198042,0.024092149,0.000762242,0.912162427,0.867711692,0.962147349,0.094435657,Estimable,1,2.173246372,0.098965814,0.003129574,2.176337117,1.982269419,2.364989268,0.382719848
6610,6610,Blackpoll Warbler,Passeriformes,Parulidae,Setophaga,striata,281,1,BLPW,440,398,838,0.474940334,Include,no,yes,43,no_threshold,bkpwar,1.48131242,0.235856803,0.007458447,0.925287988,1.044705078,1.969993066,-0.074072718,0.542430461,2.324633328,4.212678987,0,1000,0,0.825958428,0.040919451,0.001293987,0.824390726,0.751016511,0.910095319,0.159078809,Estimable,1,1.731108961,0.107458866,0.003398148,1.728995781,1.534424516,1.958327352,0.423902836
5110,5110,Common Grackle,Passeriformes,Icteridae,Quiscalus,quiscula,267302,1,COGR,406,452,858,0.526806527,Include,no,yes,59,no_threshold,comgra,-0.430343651,0.147100778,0.004651735,0.604339722,-0.757472326,-0.153132604,-1.048419657,-0.801011095,-0.085796212,0.671894385,0,1000,0,0.389503875,0.028745679,0.000909018,0.391337192,0.32423886,0.439765905,0.115527045,Estimable,1,-0.472749765,0.147466727,0.004663307,-0.468455964,-0.789725815,-0.223039916,0.566685899
3730,3730,Eastern Screech-Owl,Strigiformes,Strigidae,Megascops,asio,99,1,EASO,718,100,818,0.122249389,Include,no,no,44,no_threshold,easowl1,NA,NA,NA,NA,NA,NA,9.277896699,9.906911994,NA,NA,1000,1000,1,NA,NA,NA,NA,NA,NA,NA,Non-estimable,3,NA,NA,NA,NA,NA,NA,NA
4090,4090,Red-bellied Woodpecker,Piciformes,Picidae,Melanerpes,carolinus,8796,1,RBWO,738,108,846,0.127659574,Include,no,yes,47,no_threshold,rebwoo,2.387316214,0.224920857,0.007112622,0.876578245,1.967357923,2.843936168,1.333629016,1.759426493,2.99033253,4.294340533,24,1000,0.024,0.931538098,0.03152038,0.001008943,0.932994869,0.866364655,0.987645297,0.121280643,Estimable,1,2.171430414,0.047018237,0.001486847,2.170673898,2.081180858,2.26390418,0.182723322
3390,3390,Red-shouldered Hawk,Accipitriformes,Accipitridae,Buteo,lineatus,903,1,RSHA,775,60,835,0.071856287,Include,no,yes,37,no_threshold,reshaw,2.964908216,0.187901127,0.005941955,0.755932112,2.595995843,3.351927954,2.004440989,2.384777494,3.484263814,4.649047246,951,1000,0.951,0.99040439,0.009005782,0.00128654,0.993583401,0.971337076,0.999822338,0.028485262,Non-estimable,3,3.05373815,0.100871106,0.003189824,3.053161538,2.89245128,3.268075937,0.375624657
5290,5290,American Goldfinch,Passeriformes,Fringillidae,Spinus,tristis,155006,1,AGOL,693,366,1059,0.345609065,Include,yes,yes,259,flyover,amegfi,0.535906418,0.222009125,0.007020545,0.856949543,0.11237955,0.969329092,-0.152199546,0.120093948,0.90724682,1.741147712,0,1000,0,0.556399521,0.012602741,0.000398534,0.556437926,0.530920679,0.58074212,0.049821441,Estimable,1,0.26051268,0.106632256,0.003372008,0.263632813,0.029271314,0.455175543,0.425904229
4880,4880,American Crow,Passeriformes,Corvidae,Corvus,brachyrhynchos,312372,1,AMCR,400,623,1023,0.608993157,Include,yes,yes,269,yes,amecro,1.930406432,0.545214424,0.017241194,2.11435978,0.999496424,3.113856203,-0.123396203,0.693387394,3.054565923,5.534720802,2,1000,0.002,0.761128186,0.071993634,0.002278919,0.760111544,0.629104853,0.906940336,0.277835483,Estimable,1,1.811193697,0.313328525,0.009908318,1.80670769,1.221025629,2.41915312,1.198127491
6870,6870,American Redstart,Passeriformes,Parulidae,Setophaga,ruticilla,61506,1,AMRE,604,447,1051,0.425309229,Include,yes,yes,256,yes,amered,1.57062744,0.258274645,0.008167361,0.988647578,1.108320921,2.096968498,0.413673389,0.87265278,2.19948193,3.605109798,0,1000,0,0.720255776,0.01902742,0.0006017,0.719625966,0.683966504,0.760403513,0.076437009,Estimable,1,1.160555461,0.061398273,0.001941584,1.162002112,1.042544652,1.278883988,0.236339336
7610,7610,American Robin,Passeriformes,Turdidae,Turdus,migratorius,518349,1,AMRO,102,1081,1183,0.913778529,Include,yes,yes,384,yes,amerob,-1.319224895,0.609111062,0.019261783,1.735558802,-2.19,-0.454441198,-2.627270774,-2.100661568,-0.555387505,1.081658444,0,1000,0,0.25371103,0.065473216,0.002070445,0.263838853,0.1,0.350041766,0.250041766,Estimable,1,-1.032640926,0.18268142,0.005776894,-1.031859001,-1.407458934,-0.680673069,0.726785865
3680,3680,Barred Owl,Strigiformes,Strigidae,Strix,varia,826,1,BADO,941,258,1199,0.215179316,Include,yes,yes,400,yes,brdowl,6.807638472,0.943403907,0.029953104,3.691808211,5.158220776,8.850028987,4.732990193,5.55891716,7.767232073,9.111450028,1000,1000,1,NA,NA,NA,NA,NA,NA,NA,Non-estimable,3,6.561905397,0.272308826,0.008611161,6.560088563,6.026047237,7.102445014,1.076397777
6360,6360,Black-and-white Warbler,Passeriformes,Parulidae,Mniotilta,varia,28870,1,BAWW,182,1018,1200,0.848333333,Include,yes,yes,402,yes,bawwar,-0.68758845,0.168842327,0.005339263,0.645042854,-1.017662488,-0.372619634,-1.40604598,-1.118810785,-0.288464069,0.591195895,0,1000,0,0.34574705,0.031821845,0.001006295,0.346537848,0.281475831,0.405506818,0.124030987,Estimable,1,-0.650292886,0.150837921,0.004769914,-0.6429418,-0.940864447,-0.362715701,0.578148746
3880,3880,Black-billed Cuckoo,Cuculiformes,Cuculidae,Coccyzus,erythropthalmus,4982,1,BBCU,572,422,994,0.424547284,Include,yes,yes,238,yes,bkbcuc,1.869209211,0.245075588,0.007749971,0.980691353,1.409428515,2.390119868,0.896760139,1.284887079,2.406894182,3.595535878,0,1000,0,0.866546399,0.02481627,0.000784759,0.864602444,0.824349076,0.918695449,0.094346373,Estimable,1,1.833718446,0.10754712,0.003400939,1.834308999,1.629679939,2.040190363,0.410510425
6600,6600,Bay-breasted Warbler,Passeriformes,Parulidae,Setophaga,castanea,1205,1,BBWA,803,318,1121,0.28367529,Include,yes,yes,321,yes,babwar,2.229259007,0.199124866,0.006296881,0.788192396,1.835496058,2.623688454,1.710708112,1.915386457,2.507075755,3.133904738,3,1000,0.003,0.922586789,0.026926548,0.000852772,0.920759693,0.870379047,0.974841555,0.104462508,Estimable,1,2.410490462,0.150607547,0.004762629,2.418057182,2.09997341,2.68802554,0.58805213
7350,7350,Black-capped Chickadee,Passeriformes,Paridae,Poecile,atricapillus,134073,1,BCCH,278,918,1196,0.767558528,Include,yes,yes,400,yes,bkcchi,-0.111292666,0.164099265,0.005189274,0.642430739,-0.442844918,0.199585821,-1.074621699,-0.692445536,0.412358913,1.582776312,0,1000,0,0.447970322,0.038414361,0.001214769,0.451035543,0.36668638,0.516418476,0.149732096,Estimable,1,-0.151020126,0.175876779,0.005561712,-0.14484599,-0.507512209,0.175381752,0.682893961
6290,6290,Blue-headed Vireo,Passeriformes,Vireonidae,Vireo,solitarius,20348,1,BHVI,166,1033,1199,0.861551293,Include,yes,yes,401,yes,buhvir,-0.613331854,0.182105082,0.005758668,0.703359095,-0.994144436,-0.290785341,-1.368688553,-1.067390252,-0.196389558,0.726338773,0,1000,0,0.357119563,0.035021895,0.00110749,0.358628662,0.291866785,0.423812848,0.131946063,Estimable,1,-0.589956178,0.164166262,0.005191393,-0.586460235,-0.926027205,-0.289421918,0.636605288
6620,6620,Blackburnian Warbler,Passeriformes,Parulidae,Setophaga,fusca,15113,1,BLBW,111,1085,1196,0.907190635,Include,yes,yes,400,yes,bkbwar,-1.532147015,0.454467622,0.014371528,1.206301948,-2.19,-0.983698052,-1.963299981,-1.778258504,-1.243335956,-0.67664503,0,1000,0,0.222826592,0.04057544,0.001283108,0.226267279,0.1,0.287848547,0.187848547,Estimable,1,-1.284030561,0.167885699,0.005309012,-1.272273759,-1.632094865,-0.982152362,0.649942503
4770,4770,Blue Jay,Passeriformes,Corvidae,Cyanocitta,cristata,127175,1,BLJA,29,1171,1200,0.975833333,Include,yes,yes,402,yes,blujay,-2.19,0,0,0,-2.19,-2.19,-2.189408035,-2.189082002,-2.188139497,-2.187141018,0,1000,0,0.100283071,0.004543762,0.000143686,0.1,0.1,0.1,0,Estimable,1,-2.006739035,0.211682128,0.006693977,-2.19,-2.19,-1.671527791,0.518472209
7400,7400,Boreal Chickadee,Passeriformes,Paridae,Poecile,hudsonicus,479,1,BOCH,688,209,897,0.232998885,Include,yes,yes,102,yes,borchi2,1.081874696,0.215515562,0.0068152,0.844889908,0.670228159,1.515118066,0.380809105,0.660681281,1.469742796,2.326853458,0,1000,0,0.724869898,0.021494632,0.00067972,0.720459677,0.69234048,0.770161585,0.077821106,Estimable,1,1.065270392,0.10940502,0.00345969,1.086507517,0.792595957,1.232573517,0.43997756
7260,7260,Brown Creeper,Passeriformes,Certhiidae,Certhia,americana,3711,1,BRCR,173,1026,1199,0.855713094,Include,yes,yes,400,yes,brncre,-1.035381947,0.193274232,0.006111868,0.666267529,-1.373818793,-0.707551264,-1.667322919,-1.417269949,-0.694410544,0.071378574,0,1000,0,0.278147354,0.028133488,0.000889659,0.278121444,0.221854249,0.32916577,0.10731152,Estimable,1,-0.981261662,0.150886366,0.004771446,-0.982371184,-1.287711972,-0.694036994,0.593674978
6540,6540,Black-throated Blue Warbler,Passeriformes,Parulidae,Setophaga,caerulescens,13585,1,BTBW,297,861,1158,0.743523316,Include,yes,yes,360,yes,btbwar,0.131796059,0.184480704,0.005833792,0.722367374,-0.254586221,0.467781153,-0.823982267,-0.44565586,0.648019618,1.80664711,0,1000,0,0.512863095,0.038550495,0.001219074,0.512700007,0.436821569,0.586491565,0.149669996,Estimable,1,0.07606451,0.192489735,0.00608706,0.085334108,-0.33676365,0.430158698,0.766922348
6670,6670,Black-throated Green Warbler,Passeriformes,Parulidae,Setophaga,virens,24288,1,BTNW,319,879,1198,0.733722871,Include,yes,yes,402,yes,btnwar,1.017639656,0.197707536,0.006252061,0.780143763,0.62728951,1.407433273,0.019870472,0.414305864,1.554549596,2.762510973,0,1000,0,0.700313041,0.040302843,0.001274488,0.700215914,0.625330167,0.778784662,0.153454495,Estimable,1,0.984202933,0.17354997,0.005488132,0.994147923,0.627734906,1.301786799,0.674051893
3430,3430,Broad-winged Hawk,Accipitriformes,Accipitridae,Buteo,platypterus,2090,1,BWHA,672,503,1175,0.428085106,Include,yes,yes,380,yes,brwhaw,2.91050326,0.280896109,0.008882715,1.076285223,2.392236648,3.46852187,1.684909776,2.174057566,3.588098281,5.086117099,54,1000,0.054,0.954440598,0.022665213,0.00073691,0.954007664,0.910317696,0.995956519,0.085638823,Estimable,1,2.332667697,0.056301324,0.001780404,2.335458658,2.213497607,2.433317565,0.219819958
6860,6860,Canada Warbler,Passeriformes,Parulidae,Cardellina,canadensis,6606,1,CAWA,557,526,1083,0.485687904,Include,yes,yes,283,yes,canwar,1.389235664,0.26611371,0.008415254,1.004459081,0.913691579,1.918150659,0.399960366,0.795344677,1.938331568,3.149199017,0,1000,0,0.767959579,0.032184977,0.001017778,0.766252693,0.715144304,0.83544055,0.120296246,Estimable,1,1.735127149,0.195583547,0.006184895,1.734076775,1.348891438,2.098004383,0.749112946
6190,6190,Cedar Waxwing,Passeriformes,Bombycillidae,Bombycilla,cedrorum,110004,1,CEDW,676,307,983,0.312309257,Include,yes,yes,184,flyover,cedwax,2.800967807,0.297231231,0.009399277,1.169322712,2.230609447,3.399932159,1.397313557,1.959106455,3.583151472,5.303646483,66,1000,0.066,0.954253306,0.022264866,0.000728529,0.954054135,0.910135002,0.995183961,0.085048958,Estimable,1,2.099025975,0.06861199,0.002169702,2.099334805,1.975425033,2.239522216,0.264097183
4230,4230,Chimney Swift,Apodiformes,Apodidae,Chaetura,pelagica,42658,1,CHSW,497,413,910,0.453846154,Include,yes,yes,167,flyover,chiswi,1.827713481,0.250891895,0.007933898,1.013064656,1.336926501,2.349991157,0.636767005,1.104909726,2.458228459,3.891919093,0,1000,0,0.888489342,0.032598523,0.001030856,0.887018774,0.828187258,0.952908656,0.124721397,Estimable,1,1.672675718,0.111936468,0.003539742,1.669413756,1.453947913,1.892510556,0.438562643
4200,4200,Common Nighthawk,Caprimulgiformes,Caprimulgidae,Chordeiles,minor,212,1,CONI,676,246,922,0.26681128,Include,yes,yes,124,nocturnal,comnig,2.584716717,0.176297985,0.005575032,0.694086679,2.256494515,2.950581194,1.57085866,1.976536436,3.149279937,4.391671203,602,1000,0.602,0.976043056,0.017736248,0.000889038,0.979938452,0.938378162,0.99915847,0.060780309,Non-estimable,3,2.526083291,0.122497786,0.00387372,2.526313033,2.288132628,2.761861764,0.473729137
4860,4860,Common Raven,Passeriformes,Corvidae,Corvus,corax,13398,1,CORA,446,756,1202,0.628951747,Include,yes,yes,402,yes,comrav,0.588769012,0.142945554,0.004520335,0.548930762,0.311096246,0.860027009,-0.252180441,0.083912458,1.05549825,2.084785302,0,1000,0,0.621781,0.029693321,0.000938985,0.622612726,0.56462716,0.67846682,0.113839659,Estimable,1,0.543681663,0.136533818,0.004317578,0.543547681,0.242142693,0.79279117,0.550648477
6590,6590,Chestnut-sided Warbler,Passeriformes,Parulidae,Setophaga,pensylvanica,68615,1,CSWA,573,352,925,0.380540541,Include,yes,yes,128,yes,chswar,0.581761061,0.268218492,0.008481813,1.056192894,0.091215311,1.147408205,-0.403875153,-0.017198001,1.100618017,2.284819725,0,1000,0,0.504039478,0.023213505,0.000734075,0.50136878,0.466745132,0.551873395,0.085128263,Estimable,1,0.195977678,0.119439929,0.003777022,0.199550853,-0.047363469,0.415116526,0.462479995
5670,5670,Dark-eyed Junco (Slate-colored Junco) ,Passeriformes,Passerellidae,Junco,hyemalis hyemalis,18493,1,DEJU,431,701,1132,0.619257951,Include,yes,yes,332,yes,daejun,1.76079011,0.339812129,0.010745803,1.28587615,1.142915868,2.428792018,0.133355839,0.782291671,2.658251669,4.645622576,1,1000,0.001,0.811933391,0.049646756,0.001570754,0.810855689,0.718805882,0.913106169,0.194300287,Estimable,1,1.455254465,0.169386445,0.00535647,1.457208408,1.107928916,1.779877515,0.671948599
3940,3940,Downy Woodpecker,Piciformes,Picidae,Dryobates,pubescens,24740,1,DOWO,145,987,1132,0.871908127,Include,yes,yes,333,yes,dowwoo,-0.935594093,0.295868179,0.009356173,1.675846237,-2.19,-0.514153763,-1.791978697,-1.438601346,-0.417049228,0.665171588,0,1000,0,0.319300266,0.038355076,0.001212894,0.320747324,0.246053528,0.395927818,0.14987429,Estimable,1,-0.847112223,0.167847181,0.005307794,-0.831576706,-1.196741399,-0.527519117,0.669222282
7660,7660,Eastern Bluebird,Passeriformes,Turdidae,Sialia,sialis,9636,1,EABL,691,183,874,0.209382151,Include,yes,yes,75,yes,easblu,3.555772161,0.32527487,0.010286095,1.265372896,2.965372173,4.230745069,2.025311598,2.636641825,4.403890596,6.276094053,907,1000,0.907,0.984405654,0.013968568,0.001448473,0.988505304,0.949248116,0.999199372,0.049951256,Non-estimable,3,2.723795441,0.068662806,0.002171309,2.722951547,2.587967278,2.847225969,0.259258691
4440,4440,Eastern Kingbird,Passeriformes,Tyrannidae,Tyrannus,tyrannus,35333,1,EAKI,368,280,648,0.432098765,Include,yes,yes,61,yes,easkin,1.494304577,0.237864434,0.007521934,0.933046634,1.061471703,1.994518336,0.240104696,0.740491139,2.187020832,3.719458107,0,1000,0,0.836722454,0.031555218,0.000997864,0.837053989,0.776026974,0.903109093,0.127082119,Estimable,1,1.600910135,0.088504072,0.002798745,1.603988384,1.428091228,1.763835275,0.335744048
4560,4560,Eastern Phoebe,Passeriformes,Tyrannidae,Sayornis,phoebe,56250,1,EAPH,520,530,1050,0.504761905,Include,yes,yes,251,yes,easpho,2.193390139,0.311999494,0.00986629,1.180106884,1.665530024,2.845636907,0.559784054,1.215076047,3.109410594,5.116247292,12,1000,0.012,0.845329241,0.055638142,0.001770085,0.84293548,0.744856905,0.965771181,0.220914276,Estimable,1,2.102101345,0.231609465,0.007324134,2.10963191,1.619970491,2.533686247,0.913715756
5870,5870,Eastern Towhee,Passeriformes,Passerellidae,Pipilo,erythrophthalmus,41491,1,EATO,945,70,1015,0.068965517,Include,yes,yes,217,yes,eastow,6.109184249,1.044654675,0.03310115,4.35943231,4.401951544,8.761383854,4.772325717,5.289584296,6.721854481,7.861617499,1000,1000,1,NA,NA,NA,NA,NA,NA,NA,Non-estimable,3,5.541329156,0.380666997,0.012037747,5.501348469,4.905021828,6.380611043,1.475589215
4610,4610,Eastern Wood-Pewee,Passeriformes,Tyrannidae,Contopus,virens,30210,1,EAWP,467,733,1200,0.610833333,Include,yes,yes,401,yes,eawpew,-0.095635328,0.154950812,0.004899975,0.592791968,-0.422696932,0.170095036,-0.753449853,-0.48716821,0.28260545,1.098095,0,1000,0,0.483868298,0.032191647,0.001017989,0.485924675,0.415518883,0.539615594,0.124096711,Estimable,1,-0.090798769,0.175379637,0.005545991,-0.081883872,-0.462149615,0.222615743,0.684765359
5140,5140,Evening Grosbeak,Passeriformes,Fringillidae,Coccothraustes,vespertinus,8337,1,EVGR,886,231,1117,0.206803939,Include,yes,yes,318,yes,evegro,4.844277965,0.522748526,0.01653076,2.024589986,3.948801236,5.973391222,3.656313558,4.12834933,5.492922195,6.938535329,1000,1000,1,NA,NA,NA,NA,NA,NA,NA,Non-estimable,3,4.717720304,0.137634424,0.004352383,4.719455331,4.461723054,4.988561174,0.52683812
4171,4171,Eastern Whip-poor-will,Caprimulgiformes,Caprimulgidae,Antrostomus,vociferus,460,1,EWPW,184,142,326,0.435582822,Include,yes,yes,50,migrant,easwpw1,0.867298432,0.185789471,0.005875179,0.708804506,0.52632841,1.235132916,0.181367825,0.454831071,1.245365486,2.082848749,0,1000,0,0.662546216,0.020224635,0.000639559,0.655512863,0.633630275,0.695964022,0.062333747,Estimable,1,0.776898965,0.059588249,0.001884346,0.778317634,0.659696757,0.88761379,0.227917033
4520,4520,Great Crested Flycatcher,Passeriformes,Tyrannidae,Myiarchus,crinitus,23311,1,GCFL,504,509,1013,0.502467917,Include,yes,yes,214,yes,grcfly,0.029992305,0.099560277,0.003148372,0.393439118,-0.167047173,0.226391945,-0.628991282,-0.365816966,0.394973955,1.200947293,0,1000,0,0.477363639,0.024782931,0.000783705,0.477286292,0.425395282,0.522256034,0.096860752,Estimable,1,0.086014076,0.099583893,0.003149119,0.089138847,-0.114362082,0.27573839,0.390100472
7480,7480,Golden-crowned Kinglet,Passeriformes,Regulidae,Regulus,satrapa,4885,1,GCKI,871,327,1198,0.272954925,Include,yes,yes,400,yes,gockin,3.192722142,0.256796077,0.008120605,0.982713402,2.727756845,3.710470247,2.594268771,2.829399213,3.5091202,4.229208963,97,1000,0.097,0.969692123,0.017307959,0.000575973,0.971028931,0.931939045,0.997917211,0.065978166,Estimable,1,3.336504995,0.147722093,0.004671383,3.335530107,3.056436091,3.629528344,0.573092253
3930,3930,Hairy Woodpecker,Piciformes,Picidae,Dryobates,villosus,11355,1,HAWO,251,950,1201,0.791007494,Include,yes,yes,402,yes,haiwoo,1.308642883,0.303359604,0.009593073,1.177849813,0.770927901,1.948777714,-0.263863823,0.358872173,2.159093027,4.066226737,1,1000,0.001,0.727962557,0.059396781,0.001879231,0.725805618,0.621930152,0.847450728,0.225520576,Estimable,1,1.163369125,0.245049841,0.007749156,1.166064547,0.682591955,1.648838199,0.966246245
7590,7590,Hermit Thrush,Passeriformes,Turdidae,Catharus,guttatus,32933,1,HETH,36,1164,1200,0.97,Include,yes,yes,400,yes,herthr,-2.15457984,0.18959979,0.005995672,0.992885319,-2.19,-1.197114681,-2.184086611,-2.172604396,-2.13941132,-2.104246949,0,1000,0,0.124039945,0.050745904,0.001604726,0.1,0.1,0.249731665,0.149731665,Estimable,1,-2.178705463,0.098636765,0.003119168,-2.19,-2.19,-2.19,0
5980,5980,Indigo Bunting,Passeriformes,Cardinalidae,Passerina,cyanea,37319,1,INBU,500,341,841,0.405469679,Include,yes,yes,101,yes,indbun,0.774467362,0.223532705,0.007068725,0.874641848,0.373287603,1.247929451,-0.203132685,0.186738514,1.313787966,2.507771469,0,1000,0,0.609219616,0.023410054,0.000740291,0.609441049,0.563527518,0.656238823,0.092711305,Estimable,1,0.580202627,0.08085727,0.002556931,0.581328157,0.417274035,0.73906415,0.321790115
4670,4670,Least Flycatcher,Passeriformes,Tyrannidae,Empidonax,minimus,37725,1,LEFL,415,513,928,0.552801724,Include,yes,yes,130,yes,leafly,0.150844908,0.171709591,0.005429934,0.66892241,-0.179404205,0.489518205,-0.600330211,-0.303732415,0.553679942,1.462012943,0,1000,0,0.518328321,0.033271027,0.001052122,0.518524874,0.454754192,0.585459507,0.130705316,Estimable,1,0.278775155,0.17236423,0.005450636,0.291020813,-0.066278708,0.605761575,0.672040282
6760,6760,Louisiana Waterthrush,Passeriformes,Parulidae,Parkesia,motacilla,1550,1,LOWA,725,189,914,0.20678337,Include,yes,yes,114,yes,louwat,2.514202139,0.348005808,0.01100491,1.385567095,1.843322826,3.228889922,1.344122308,1.807439137,3.146807061,4.565718365,238,1000,0.238,0.950875131,0.032127694,0.001163864,0.955421539,0.878450058,0.997385332,0.118935274,Non-estimable,3,2.97641357,0.139844737,0.004422279,2.986424595,2.686999008,3.219247784,0.532248776
6570,6570,Magnolia Warbler,Passeriformes,Parulidae,Setophaga,magnolia,19624,1,MAWA,271,790,1061,0.744580584,Include,yes,yes,265,yes,magwar,-0.002843957,0.206433598,0.006528004,0.810490077,-0.416221457,0.39426862,-1.12277235,-0.676407645,0.613954653,1.980949947,0,1000,0,0.494261664,0.041276399,0.001305274,0.493307586,0.412080222,0.574217244,0.162137022,Estimable,1,-0.01748205,0.202080512,0.006390347,-0.010794431,-0.43308965,0.341617299,0.774706949
3160,3160,Mourning Dove,Columbiformes,Columbidae,Zenaida,macroura,160756,1,MODO,223,551,774,0.711886305,Include,yes,yes,170,yes,moudov,-0.340734088,0.132237136,0.004181705,0.522282521,-0.634402087,-0.112119566,-1.140561124,-0.820181299,0.105980745,1.087146389,0,1000,0,0.386642419,0.02432057,0.000769084,0.387132721,0.337107141,0.429520315,0.092413174,Estimable,1,-0.450405388,0.151366811,0.004786639,-0.444188601,-0.766485923,-0.164423657,0.602062266
6790,6790,Mourning Warbler,Passeriformes,Parulidae,Geothlypis,philadelphia,4150,1,MOWA,665,239,904,0.264380531,Include,yes,yes,107,yes,mouwar,1.562742529,0.211579612,0.006690735,0.845302563,1.162537257,2.00783982,0.633092769,1.003848649,2.075639056,3.21108175,0,1000,0,0.843237906,0.033519118,0.001059968,0.841242019,0.782689033,0.912716271,0.130027238,Estimable,1,1.890962871,0.143067108,0.004524179,1.900282621,1.601846011,2.145891067,0.544045057
6450,6450,Nashville Warbler,Passeriformes,Parulidae,Leiothlypis,ruficapilla,15052,1,NAWA,517,590,1107,0.532971996,Include,yes,yes,308,yes,naswar,0.597014078,0.166225703,0.005256518,0.658824617,0.283906046,0.942730663,-0.227023433,0.105194804,1.065579623,2.083000492,0,1000,0,0.610942441,0.021881901,0.000691966,0.61137457,0.56555843,0.652510898,0.086952467,Estimable,1,0.581573797,0.094614053,0.002991959,0.580104307,0.40141676,0.755009622,0.353592862
4120,4120,Northern Flicker (Yellow-shafted Flicker),Piciformes,Picidae,Colaptes,auratus auratus,32120,1,NOFL,300,882,1182,0.746192893,Include,yes,yes,385,yes,norfli,-0.004171441,0.187350772,0.005924552,0.729791626,-0.37321666,0.356574966,-0.860450388,-0.524510303,0.446633728,1.475452783,0,1000,0,0.501731744,0.041048127,0.001298056,0.503209313,0.414474445,0.578954332,0.164479887,Estimable,1,0.033253978,0.17131464,0.005417445,0.038379741,-0.310161134,0.359537252,0.669698385
6480,6480,Northern Parula,Passeriformes,Parulidae,Setophaga,americana,15632,1,NOPA,318,708,1026,0.69005848,Include,yes,yes,227,yes,norpar,-0.221543874,0.17599225,0.005565364,0.672991909,-0.577322153,0.095669757,-1.060481719,-0.721421248,0.258743273,1.297118535,0,1000,0,0.462130693,0.033594514,0.001062352,0.464789073,0.391528395,0.521210547,0.129682152,Estimable,1,-0.216676553,0.160726074,0.005082605,-0.206051674,-0.549224117,0.081826997,0.631051114
6750,6750,Northern Waterthrush,Passeriformes,Parulidae,Parkesia,noveboracensis,4709,1,NOWA,646,273,919,0.297062024,Include,yes,yes,119,yes,norwat,1.576891929,0.259275043,0.008198997,0.989433899,1.084003124,2.073437023,0.596386562,0.986339981,2.113627116,3.307862419,0,1000,0,0.799959159,0.04255035,0.00134556,0.799443307,0.71758276,0.887985057,0.170402297,Estimable,1,1.805708545,0.164927573,0.005215468,1.808356752,1.461401395,2.125778179,0.664376784
3720,3720,Northern Saw-whet Owl,Strigiformes,Strigidae,Aegolius,acadicus,17,1,NSWO,1013,99,1112,0.089028777,Include,yes,yes,338,yes,nswowl,7.504411722,0.948971432,0.030532655,3.706718046,5.968136123,9.674854169,5.58007581,6.356862082,8.298219555,9.28597897,1000,1000,1,NA,NA,NA,NA,NA,NA,NA,Non-estimable,3,7.124278922,0.187454739,0.005927839,7.128024848,6.777328578,7.504471657,0.727143079
4590,4590,Olive-sided Flycatcher,Passeriformes,Tyrannidae,Contopus,cooperi,1385,1,OSFL,608,315,923,0.34127844,Include,yes,yes,125,yes,olsfly,0.874533406,0.147847622,0.004675352,0.579407623,0.614922123,1.194329746,0.135537376,0.429543049,1.279462031,2.179856635,0,1000,0,0.66023771,0.02025629,0.00064056,0.659834503,0.623642592,0.701021787,0.077379196,Estimable,1,0.866438892,0.065579241,0.002073798,0.870166044,0.726904458,0.984911492,0.258007033
6740,6740,Ovenbird,Passeriformes,Parulidae,Seiurus,aurocapilla,136478,1,OVEN,182,989,1171,0.844577284,Include,yes,yes,402,yes,ovenbi1,0.296189997,0.247953706,0.007840985,1.002873483,-0.214527966,0.788345517,-0.945977157,-0.448689916,0.988880527,2.511826474,0,1000,0,0.535493573,0.049281925,0.001558431,0.536688481,0.439961865,0.632318399,0.192356534,Estimable,1,0.224378965,0.214462239,0.006781891,0.241933239,-0.209079634,0.608007711,0.817087345
5330,5330,Pine Siskin,Passeriformes,Fringillidae,Spinus,pinus,2774,1,PISI,472,398,870,0.457471264,Include,yes,yes,73,migrant,pinsis,0.298901182,0.18190014,0.005752188,0.721627468,-0.07002525,0.651602218,-0.533215586,-0.201306392,0.758185041,1.774659466,0,1000,0,0.554826644,0.025094642,0.000793562,0.555706688,0.501929931,0.601190679,0.099260748,Estimable,1,0.216034045,0.110812609,0.003504202,0.220082944,-0.029424196,0.420929484,0.45035368
6710,6710,Pine Warbler,Passeriformes,Parulidae,Setophaga,pinus,13507,1,PIWA,243,818,1061,0.770970782,Include,yes,yes,261,yes,pinwar,-0.423700909,0.185231122,0.005857522,0.724642198,-0.777795837,-0.053153639,-1.250448019,-0.918797209,0.03994728,1.0556304,0,1000,0,0.40864998,0.037284286,0.001179033,0.407961132,0.333575355,0.480803168,0.147227814,Estimable,1,-0.469175497,0.182172676,0.005760806,-0.467850808,-0.827387932,-0.145853572,0.68153436
4050,4050,Pileated Woodpecker,Piciformes,Picidae,Dryocopus,pileatus,7461,1,PIWO,318,884,1202,0.735440932,Include,yes,yes,402,yes,pilwoo,0.421685433,0.190581189,0.006026706,0.726373576,0.046945429,0.773319005,-0.544266734,-0.16006643,0.950589456,2.1272058,0,1000,0,0.579829311,0.039521974,0.001249795,0.581030751,0.499578065,0.65219953,0.152621465,Estimable,1,0.401241635,0.183560894,0.005804705,0.409696546,0.025750754,0.735179062,0.709428308
5170,5170,Purple Finch,Passeriformes,Fringillidae,Haemorhous,purpureus,19880,1,PUFI,431,692,1123,0.616206589,Include,yes,yes,331,yes,purfin,0.442878917,0.221670987,0.007009852,0.878373256,0.033640223,0.912013479,-0.58444808,-0.177206933,1.000056001,2.247235102,0,1000,0,0.561650746,0.028612233,0.000904798,0.561088283,0.507011479,0.618911127,0.111899648,Estimable,1,0.431041788,0.098824981,0.00312512,0.431928075,0.231183337,0.614355901,0.383172564
5950,5950,Rose-breasted Grosbeak,Passeriformes,Cardinalidae,Pheucticus,ludovicianus,33189,1,RBGR,60,1080,1140,0.947368421,Include,yes,yes,342,yes,robgro,-2.108059777,0.269098883,0.008509654,0.992102834,-2.19,-1.197897166,-2.173163608,-2.141966638,-2.051781654,-1.956240696,0,1000,0,0.146778506,0.059253528,0.001873761,0.1,0.1,0.253754086,0.153754086,Estimable,1,-1.588583314,0.179510311,0.005676614,-1.572692495,-2.19,-1.273694671,0.916305329
7280,7280,Red-breasted Nuthatch,Passeriformes,Sittidae,Sitta,canadensis,13892,1,RBNU,784,412,1196,0.344481605,Include,yes,yes,400,yes,rebnut,3.484414924,0.351989766,0.011130894,1.362501669,2.857082479,4.219584148,2.383725244,2.825038135,4.10079652,5.452320594,891,1000,0.891,0.978639768,0.019555733,0.0018731,0.985088371,0.927199529,0.999167683,0.071968154,Non-estimable,3,3.312054121,0.175133818,0.005538218,3.312740731,2.958001442,3.664005569,0.706004127
7490,7490,Ruby-crowned Kinglet,Passeriformes,Regulidae,Corthylio,calendula,2703,1,RCKI,454,560,1014,0.552268245,Include,yes,yes,240,yes,ruckin,0.711503084,0.223169668,0.007057245,0.88414881,0.311385524,1.195534334,-0.210390997,0.157886929,1.222514003,2.350367943,0,1000,0,0.624648402,0.030222858,0.000955731,0.625050775,0.565480677,0.682330404,0.116849728,Estimable,1,0.638116358,0.128570984,0.004065771,0.64473186,0.352041822,0.87875437,0.526712548
5210,5210,Red Crossbill,Passeriformes,Fringillidae,Loxia,curvirostra,362,1,RECR,153,781,934,0.836188437,Include,yes,yes,139,flyover,redcro,-0.92693427,0.233264573,0.007376473,0.794857659,-1.355041557,-0.560183898,-1.657211892,-1.369744946,-0.538728282,0.34164142,0,1000,0,0.325114962,0.038368271,0.001213311,0.325816123,0.242101711,0.395010438,0.152908727,Estimable,1,-0.823316902,0.173230083,0.005478016,-0.815769306,-1.166624899,-0.507937274,0.658687625
6240,6240,Red-eyed Vireo,Passeriformes,Vireonidae,Vireo,olivaceus,261684,1,REVI,124,1034,1158,0.892918826,Include,yes,yes,402,yes,reevir1,-0.923529004,0.215625783,0.006818686,0.776551568,-1.348408521,-0.571856953,-1.62005143,-1.341926779,-0.537917054,0.3138418,0,1000,0,0.301226298,0.034791545,0.001100205,0.302125535,0.23153295,0.367970435,0.136437485,Estimable,1,-0.892438813,0.162044916,0.00512431,-0.883978573,-1.237609218,-0.605390259,0.632218958
6080,6080,Scarlet Tanager,Passeriformes,Cardinalidae,Piranga,olivacea,31035,1,SCTA,681,517,1198,0.431552588,Include,yes,yes,400,yes,scatan,1.739765374,0.218927851,0.006923107,0.835650508,1.343796545,2.179447053,0.84963677,1.202586375,2.222901953,3.303812794,0,1000,0,0.801946481,0.021519601,0.00068051,0.800248868,0.764379287,0.846387658,0.082008371,Estimable,1,1.514229125,0.059728733,0.001888788,1.512827693,1.400502732,1.635789536,0.235286805
3320,3320,Sharp-shinned Hawk,Accipitriformes,Accipitridae,Accipiter,striatus,451,1,SSHA,576,290,866,0.334872979,Include,yes,yes,66,yes,shshaw,0.163974402,0.152909522,0.004835424,0.574667985,-0.11111102,0.463556965,-0.401240607,-0.170431486,0.496797315,1.203651997,0,1000,0,0.502152385,0.022352023,0.000706833,0.497949763,0.465924202,0.54742954,0.081505337,Estimable,1,0.29073994,0.133196817,0.004212053,0.309056115,-0.008380176,0.517661467,0.526041644
7580,7580,Swainson's Thrush,Passeriformes,Turdidae,Catharus,ustulatus,10134,1,SWTH,185,1015,1200,0.845833333,Include,yes,yes,401,yes,swathr,-0.823632324,0.178740143,0.00565226,0.69585703,-1.201987174,-0.506130144,-1.477827917,-1.216304968,-0.460287858,0.340628158,0,1000,0,0.322647899,0.032474934,0.001026948,0.322592516,0.259254837,0.384311547,0.125056711,Estimable,1,-0.799320806,0.166184061,0.005255201,-0.797447367,-1.134594091,-0.491901633,0.642692458
6470,6470,Tennessee Warbler,Passeriformes,Parulidae,Leiothlypis,peregrina,838,1,TEWA,479,412,891,0.462401796,Include,yes,yes,136,yes,tenwar,0.803908315,0.130260854,0.00411921,0.510106882,0.530635891,1.040742773,-0.057447002,0.285709634,1.277715451,2.328635249,0,1000,0,0.643133247,0.032405435,0.00102475,0.643726193,0.578398545,0.70498227,0.126583725,Estimable,1,0.709509202,0.130579834,0.004129297,0.720507804,0.435449798,0.950801539,0.515351742
7310,7310,Tufted Titmouse,Passeriformes,Paridae,Baeolophus,bicolor,42602,1,TUTI,695,264,959,0.275286757,Include,yes,yes,159,yes,tuftit,1.156213848,0.223763306,0.007076017,0.873930853,0.721894205,1.595825058,0.296447243,0.637307799,1.622676054,2.666564093,0,1000,0,0.748022896,0.035067859,0.001108943,0.74852977,0.686218178,0.818162539,0.13194436,Estimable,1,1.339706923,0.179137254,0.005664817,1.348925863,0.96098231,1.669857904,0.708875594
7560,7560,Veery,Passeriformes,Turdidae,Catharus,fuscescens,87951,1,VEER,240,876,1116,0.784946237,Include,yes,yes,316,yes,veery,0.157190729,0.199353811,0.006304121,0.76808005,-0.246632069,0.52144798,-0.791515833,-0.417697809,0.662944722,1.807765256,0,1000,0,0.530675759,0.040994865,0.001296371,0.531852533,0.448874285,0.60412536,0.155251076,Estimable,1,0.141115019,0.179665539,0.005681523,0.144894928,-0.214374292,0.482736273,0.697110565
7270,7270,White-breasted Nuthatch,Passeriformes,Sittidae,Sitta,carolinensis,25487,1,WBNU,356,754,1110,0.679279279,Include,yes,yes,313,yes,whbnut,-0.526520907,0.143485681,0.004537416,0.554253331,-0.836504466,-0.282251134,-1.103951415,-0.872370073,-0.202908913,0.506310704,0,1000,0,0.373634325,0.028078547,0.000887922,0.37520843,0.317006385,0.426801348,0.109794964,Estimable,1,-0.487822961,0.145167353,0.004590595,-0.484632941,-0.793975051,-0.218290141,0.57568491
3100,3100,Wild Turkey,Galliformes,Phasianidae,Meleagris,gallopavo,4947,1,WITU,507,434,941,0.461211477,Include,yes,yes,178,yes,wiltur,1.016104558,0.141351758,0.004469935,0.549427696,0.750844512,1.300272208,0.094922105,0.464891955,1.534410086,2.667445556,0,1000,0,0.719512734,0.024483685,0.000774242,0.718273151,0.67384042,0.769450374,0.095609954,Estimable,1,1.203060603,0.075463426,0.002386363,1.209240961,1.041300879,1.332605764,0.291304884
7222,7222,Winter Wren,Passeriformes,Troglodytidae,Troglodytes,hiemalis,23006,1,WIWR,5,1193,1198,0.995826377,Include,yes,yes,400,yes,winwre3,-2.19,0,0,0,-2.19,-2.19,-2.19,-2.19,-2.19,-2.19,0,1000,0,0.1,0,0,0.1,0.1,0.1,0,Estimable,1,-2.19,0,0,-2.19,-2.19,-2.19,0
7550,7550,Wood Thrush,Passeriformes,Turdidae,Hylocichla,mustelina,100685,1,WOTH,887,312,1199,0.260216847,Include,yes,yes,402,yes,woothr,6.074036421,0.868703501,0.027539752,3.324371271,4.64759803,7.9719693,3.916589295,4.771187081,7.18266632,8.893708759,1000,1000,1,NA,NA,NA,NA,NA,NA,NA,Non-estimable,3,5.85671723,0.243502079,0.007700212,5.849749065,5.395897984,6.343875901,0.947977917
5580,5580,White-throated Sparrow,Passeriformes,Passerellidae,Zonotrichia,albicollis,81508,1,WTSP,269,781,1050,0.743809524,Include,yes,yes,250,yes,whtspa,-0.560862456,0.166939568,0.005279093,0.654392876,-0.906177494,-0.251784618,-1.257232837,-0.978241884,-0.171727831,0.682684078,0,1000,0,0.367081632,0.033292701,0.001052808,0.369813502,0.30079849,0.423979217,0.123180727,Estimable,1,-0.602371766,0.160651958,0.005080261,-0.595024747,-0.925102961,-0.298703966,0.626398995
5220,5220,White-winged Crossbill,Passeriformes,Fringillidae,Loxia,leucoptera,523,1,WWCR,737,151,888,0.170045045,Include,yes,yes,88,flyover,whwcro,2.230150473,0.258286899,0.008167749,1.017212248,1.74474169,2.761953938,1.441533062,1.752312876,2.650722963,3.602488498,6,1000,0.006,0.923601282,0.02566746,0.000814122,0.922499563,0.877694921,0.977560633,0.099865712,Estimable,1,2.343687422,0.073870447,0.002335989,2.347720822,2.187275871,2.47532782,0.288051949
3870,3870,Yellow-billed Cuckoo,Cuculiformes,Cuculidae,Coccyzus,americanus,2388,1,YBCU,778,130,908,0.143171806,Include,yes,yes,114,yes,yebcuc,3.065860909,0.28013373,0.008858606,1.066129484,2.568028093,3.634157577,2.083175373,2.474682529,3.606461244,4.805454878,784,1000,0.784,0.978030325,0.017396518,0.001183683,0.981642296,0.937912863,0.999000048,0.061087185,Non-estimable,3,3.224130182,0.111791801,0.003535167,3.230682815,2.993896405,3.423405829,0.429509425
4630,4630,Yellow-bellied Flycatcher,Passeriformes,Tyrannidae,Empidonax,flaviventris,1211,1,YBFL,507,651,1158,0.562176166,Include,yes,yes,359,yes,yebfly,1.508706318,0.210999224,0.006672381,0.846709307,1.118625723,1.96533503,0.454088562,0.875646743,2.09429772,3.385322848,0,1000,0,0.767754877,0.04040361,0.001277674,0.764865549,0.698733426,0.854872091,0.156138664,Estimable,1,1.596368266,0.186242733,0.005889512,1.598099055,1.227184086,1.950329304,0.723145219
4020,4020,Yellow-bellied Sapsucker,Piciformes,Picidae,Sphyrapicus,varius,26179,1,YBSA,160,940,1100,0.854545455,Include,yes,yes,335,yes,yebsap,-1.349304867,0.193070257,0.006105418,0.670085942,-1.734101882,-1.06401594,-1.702393964,-1.560779061,-1.151395144,-0.717698431,0,1000,0,0.219923554,0.0197598,0.00062486,0.220308516,0.182319372,0.25847722,0.076157848,Estimable,1,-1.274415002,0.122605788,0.003877135,-1.271927713,-1.520370014,-1.029625662,0.490744352
6550,6550,Yellow-rumped Warbler (Myrtle Warbler) ,Passeriformes,Parulidae,Setophaga,coronata coronata,26679,1,YRWA,841,358,1199,0.298582152,Include,yes,yes,400,yes,yerwar,3.932485778,0.402232878,0.01271972,1.580819612,3.218538624,4.799358236,2.606136335,3.135396749,4.665396042,6.286260073,959,1000,0.959,0.985234499,0.014388126,0.002247048,0.991256561,0.948528369,0.999230618,0.05070225,Non-estimable,3,3.746394619,0.215921127,0.006828026,3.747133511,3.343243673,4.172558271,0.829314599
