AOU_Code,BCI_Type,Int_Element,Guild_Category,Response_Guild
ACFL,Cent_Appal,Structural,NestPlacement,CanopyNester
ACFL,Cent_Appal,Structural,PrimaryHabitat,InteriorForestObligate
ALFL,Cent_Appal,Structural,NestPlacement,ShrubNester
ALFL,Cent_Appal,Compositional,NumberofBroods,SingleBrooded
AMCR,Cent_Appal,Compositional,Migratory,Resident
AMCR,Cent_Appal,Structural,NestPlacement,CanopyNester
AMCR,Cent_Appal,Compositional,NumberofBroods,SingleBrooded
AMCR,Cent_Appal,Compositional,PopulationLimiting,NestPredator_BroodParasite
AMCR,Cent_Appal,Functional,Trophic,Omnivore
AMGO,Cent_Appal,Compositional,Migratory,Resident
AMGO,Cent_Appal,Structural,NestPlacement,ShrubNester
AMGO,Cent_Appal,Compositional,NumberofBroods,SingleBrooded
AMGO,Cent_Appal,Functional,Trophic,Omnivore
AMRE,Cent_Appal,Functional,InsectivoreForagingBehavior,LowerCanopyForager
AMRE,Cent_Appal,Structural,NestPlacement,CanopyNester
AMRE,Cent_Appal,Compositional,NumberofBroods,SingleBrooded
AMRE,Cent_Appal,Structural,PrimaryHabitat,InteriorForestObligate
AMRO,Cent_Appal,Compositional,Migratory,Resident
AMRO,Cent_Appal,Structural,NestPlacement,CanopyNester
AMRO,Cent_Appal,Functional,Trophic,Omnivore
BAOR,Cent_Appal,Structural,NestPlacement,CanopyNester
BAOR,Cent_Appal,Compositional,NumberofBroods,SingleBrooded
BAOR,Cent_Appal,Functional,Trophic,Omnivore
BAWW,Cent_Appal,Functional,InsectivoreForagingBehavior,BarkProber
BAWW,Cent_Appal,Structural,NestPlacement,ForestGroundNester
BAWW,Cent_Appal,Compositional,NumberofBroods,SingleBrooded
BAWW,Cent_Appal,Structural,PrimaryHabitat,InteriorForestObligate
BBCU,Cent_Appal,Functional,InsectivoreForagingBehavior,LowerCanopyForager
BBCU,Cent_Appal,Structural,NestPlacement,ShrubNester
BBCU,Cent_Appal,Compositional,NumberofBroods,SingleBrooded
BBCU,Cent_Appal,Structural,PrimaryHabitat,ForestGeneralist
BCCH,Cent_Appal,Functional,InsectivoreForagingBehavior,LowerCanopyForager
BCCH,Cent_Appal,Compositional,Migratory,Resident
BCCH,Cent_Appal,Compositional,NumberofBroods,SingleBrooded
BCCH,Cent_Appal,Structural,PrimaryHabitat,ForestGeneralist
BGGN,Cent_Appal,Functional,InsectivoreForagingBehavior,UpperCanopyForager
BGGN,Cent_Appal,Compositional,Migratory,TemperateMigrant
BGGN,Cent_Appal,Structural,NestPlacement,CanopyNester
BGGN,Cent_Appal,Compositional,NumberofBroods,SingleBrooded
BGGN,Cent_Appal,Structural,PrimaryHabitat,ForestGeneralist
BHCO,Cent_Appal,Compositional,Migratory,TemperateMigrant
BHCO,Cent_Appal,Compositional,PopulationLimiting,NestPredator_BroodParasite
BHCO,Cent_Appal,Functional,Trophic,Omnivore
BHVI,Cent_Appal,Functional,InsectivoreForagingBehavior,LowerCanopyForager
BHVI,Cent_Appal,Compositional,Migratory,TemperateMigrant
BHVI,Cent_Appal,Structural,NestPlacement,CanopyNester
BHVI,Cent_Appal,Compositional,NumberofBroods,SingleBrooded
BHVI,Cent_Appal,Structural,PrimaryHabitat,InteriorForestObligate
BLBW,Cent_Appal,Functional,InsectivoreForagingBehavior,UpperCanopyForager
BLBW,Cent_Appal,Structural,NestPlacement,CanopyNester
BLBW,Cent_Appal,Compositional,NumberofBroods,SingleBrooded
BLBW,Cent_Appal,Structural,PrimaryHabitat,InteriorForestObligate
BLGR,Cent_Appal,Structural,NestPlacement,ShrubNester
BLJA,Cent_Appal,Compositional,Migratory,Resident
BLJA,Cent_Appal,Structural,NestPlacement,CanopyNester
BLJA,Cent_Appal,Compositional,PopulationLimiting,NestPredator_BroodParasite
BLJA,Cent_Appal,Structural,PrimaryHabitat,ForestGeneralist
BLJA,Cent_Appal,Functional,Trophic,Omnivore
BOBO,Cent_Appal,Structural,NestPlacement,OpenGroundNester
BOBO,Cent_Appal,Compositional,NumberofBroods,SingleBrooded
BOBO,Cent_Appal,Functional,Trophic,Omnivore
BRCR,Cent_Appal,Functional,InsectivoreForagingBehavior,BarkProber
BRCR,Cent_Appal,Compositional,Migratory,Resident
BRCR,Cent_Appal,Compositional,NumberofBroods,SingleBrooded
BRCR,Cent_Appal,Structural,PrimaryHabitat,InteriorForestObligate
BRTH,Cent_Appal,Compositional,Migratory,TemperateMigrant
BRTH,Cent_Appal,Structural,NestPlacement,ShrubNester
BRTH,Cent_Appal,Functional,Trophic,Omnivore
BTBW,Cent_Appal,Functional,InsectivoreForagingBehavior,LowerCanopyForager
BTBW,Cent_Appal,Structural,NestPlacement,ShrubNester
BTBW,Cent_Appal,Compositional,NumberofBroods,SingleBrooded
BTBW,Cent_Appal,Structural,PrimaryHabitat,InteriorForestObligate
BTNW,Cent_Appal,Functional,InsectivoreForagingBehavior,UpperCanopyForager
BTNW,Cent_Appal,Structural,NestPlacement,CanopyNester
BTNW,Cent_Appal,Compositional,NumberofBroods,SingleBrooded
BTNW,Cent_Appal,Structural,PrimaryHabitat,InteriorForestObligate
BWWA,Cent_Appal,Functional,InsectivoreForagingBehavior,LowerCanopyForager
BWWA,Cent_Appal,Structural,NestPlacement,OpenGroundNester
BWWA,Cent_Appal,Compositional,NumberofBroods,SingleBrooded
CACH,Cent_Appal,Functional,InsectivoreForagingBehavior,LowerCanopyForager
CACH,Cent_Appal,Compositional,Migratory,Resident
CACH,Cent_Appal,Compositional,NumberofBroods,SingleBrooded
CARW,Cent_Appal,Functional,InsectivoreForagingBehavior,LowerCanopyForager
CARW,Cent_Appal,Compositional,Migratory,Resident
CARW,Cent_Appal,Structural,PrimaryHabitat,ForestGeneralist
CAWA,Cent_Appal,Functional,InsectivoreForagingBehavior,LowerCanopyForager
CAWA,Cent_Appal,Structural,NestPlacement,ForestGroundNester
CAWA,Cent_Appal,Compositional,NumberofBroods,SingleBrooded
CAWA,Cent_Appal,Structural,PrimaryHabitat,InteriorForestObligate
CEDW,Cent_Appal,Compositional,Migratory,Resident
CEDW,Cent_Appal,Structural,NestPlacement,CanopyNester
CEDW,Cent_Appal,Compositional,NumberofBroods,SingleBrooded
CERW,Cent_Appal,Functional,InsectivoreForagingBehavior,UpperCanopyForager
CERW,Cent_Appal,Structural,NestPlacement,CanopyNester
CERW,Cent_Appal,Compositional,NumberofBroods,SingleBrooded
CERW,Cent_Appal,Structural,PrimaryHabitat,InteriorForestObligate
CHSP,Cent_Appal,Compositional,Migratory,TemperateMigrant
CHSP,Cent_Appal,Structural,NestPlacement,ShrubNester
CHSP,Cent_Appal,Functional,Trophic,Omnivore
CHSW,Cent_Appal,Compositional,NumberofBroods,SingleBrooded
CLSW,Cent_Appal,Compositional,NumberofBroods,SingleBrooded
COGR,Cent_Appal,Compositional,Migratory,TemperateMigrant
COGR,Cent_Appal,Structural,NestPlacement,CanopyNester
COGR,Cent_Appal,Compositional,NumberofBroods,SingleBrooded
COGR,Cent_Appal,Compositional,PopulationLimiting,NestPredator_BroodParasite
COGR,Cent_Appal,Functional,Trophic,Omnivore
CORA,Cent_Appal,Compositional,Migratory,Resident
CORA,Cent_Appal,Structural,NestPlacement,CanopyNester
CORA,Cent_Appal,Compositional,NumberofBroods,SingleBrooded
CORA,Cent_Appal,Compositional,PopulationLimiting,NestPredator_BroodParasite
CORA,Cent_Appal,Structural,PrimaryHabitat,InteriorForestObligate
CORA,Cent_Appal,Functional,Trophic,Omnivore
COYE,Cent_Appal,Functional,InsectivoreForagingBehavior,LowerCanopyForager
COYE,Cent_Appal,Compositional,Migratory,TemperateMigrant
COYE,Cent_Appal,Structural,NestPlacement,ShrubNester
COYE,Cent_Appal,Structural,PrimaryHabitat,ForestGeneralist
CSWA,Cent_Appal,Functional,InsectivoreForagingBehavior,LowerCanopyForager
CSWA,Cent_Appal,Structural,NestPlacement,ShrubNester
CSWA,Cent_Appal,Compositional,NumberofBroods,SingleBrooded
DEJU,Cent_Appal,Compositional,Migratory,Resident
DEJU,Cent_Appal,Structural,NestPlacement,ForestGroundNester
DEJU,Cent_Appal,Structural,PrimaryHabitat,ForestGeneralist
DEJU,Cent_Appal,Functional,Trophic,Omnivore
DOWO,Cent_Appal,Functional,InsectivoreForagingBehavior,BarkProber
DOWO,Cent_Appal,Compositional,Migratory,Resident
DOWO,Cent_Appal,Compositional,NumberofBroods,SingleBrooded
DOWO,Cent_Appal,Structural,PrimaryHabitat,ForestGeneralist
EABL,Cent_Appal,Compositional,Migratory,Resident
EABL,Cent_Appal,Functional,Trophic,Omnivore
EAKI,Cent_Appal,Structural,NestPlacement,CanopyNester
EAKI,Cent_Appal,Compositional,NumberofBroods,SingleBrooded
EAME,Cent_Appal,Compositional,Migratory,TemperateMigrant
EAME,Cent_Appal,Structural,NestPlacement,OpenGroundNester
EAME,Cent_Appal,Functional,Trophic,Omnivore
EAPH,Cent_Appal,Compositional,Migratory,TemperateMigrant
EAPH,Cent_Appal,Structural,PrimaryHabitat,ForestGeneralist
EATO,Cent_Appal,Compositional,Migratory,TemperateMigrant
EATO,Cent_Appal,Structural,NestPlacement,ForestGroundNester
EATO,Cent_Appal,Structural,PrimaryHabitat,ForestGeneralist
EATO,Cent_Appal,Functional,Trophic,Omnivore
EAWP,Cent_Appal,Structural,NestPlacement,CanopyNester
EAWP,Cent_Appal,Compositional,NumberofBroods,SingleBrooded
EAWP,Cent_Appal,Structural,PrimaryHabitat,ForestGeneralist
EUST,Cent_Appal,Compositional,Migratory,Resident
EUST,Cent_Appal,Compositional,Origin,Exotic
EUST,Cent_Appal,Compositional,PopulationLimiting,NestPredator_BroodParasite
EUST,Cent_Appal,Functional,Trophic,Omnivore
FICR,Cent_Appal,Compositional,Migratory,Resident
FICR,Cent_Appal,Structural,NestPlacement,CanopyNester
FICR,Cent_Appal,Compositional,NumberofBroods,SingleBrooded
FICR,Cent_Appal,Compositional,PopulationLimiting,NestPredator_BroodParasite
FICR,Cent_Appal,Functional,Trophic,Omnivore
FISP,Cent_Appal,Compositional,Migratory,TemperateMigrant
FISP,Cent_Appal,Structural,NestPlacement,OpenGroundNester
FISP,Cent_Appal,Functional,Trophic,Omnivore
GCFL,Cent_Appal,Compositional,NumberofBroods,SingleBrooded
GCFL,Cent_Appal,Structural,PrimaryHabitat,ForestGeneralist
GCKI,Cent_Appal,Functional,InsectivoreForagingBehavior,LowerCanopyForager
GCKI,Cent_Appal,Compositional,Migratory,TemperateMigrant
GCKI,Cent_Appal,Structural,NestPlacement,CanopyNester
GCKI,Cent_Appal,Structural,PrimaryHabitat,InteriorForestObligate
GRCA,Cent_Appal,Compositional,Migratory,TemperateMigrant
GRCA,Cent_Appal,Structural,NestPlacement,ShrubNester
GRCA,Cent_Appal,Structural,PrimaryHabitat,ForestGeneralist
GRCA,Cent_Appal,Functional,Trophic,Omnivore
GRSP,Cent_Appal,Compositional,Migratory,TemperateMigrant
GRSP,Cent_Appal,Structural,NestPlacement,OpenGroundNester
GRSP,Cent_Appal,Functional,Trophic,Omnivore
GWWA,Cent_Appal,Functional,InsectivoreForagingBehavior,UpperCanopyForager
GWWA,Cent_Appal,Structural,NestPlacement,OpenGroundNester
GWWA,Cent_Appal,Compositional,NumberofBroods,SingleBrooded
HAWO,Cent_Appal,Functional,InsectivoreForagingBehavior,BarkProber
HAWO,Cent_Appal,Compositional,Migratory,Resident
HAWO,Cent_Appal,Compositional,NumberofBroods,SingleBrooded
HAWO,Cent_Appal,Structural,PrimaryHabitat,InteriorForestObligate
HESP,Cent_Appal,Compositional,Migratory,TemperateMigrant
HESP,Cent_Appal,Structural,NestPlacement,OpenGroundNester
HESP,Cent_Appal,Functional,Trophic,Omnivore
HETH,Cent_Appal,Functional,InsectivoreForagingBehavior,GroundGleaner
HETH,Cent_Appal,Compositional,Migratory,TemperateMigrant
HETH,Cent_Appal,Structural,NestPlacement,ForestGroundNester
HETH,Cent_Appal,Structural,PrimaryHabitat,InteriorForestObligate
HOFI,Cent_Appal,Compositional,Migratory,Resident
HOFI,Cent_Appal,Compositional,Origin,Exotic
HOLA,Cent_Appal,Compositional,Migratory,Resident
HOLA,Cent_Appal,Structural,NestPlacement,OpenGroundNester
HOLA,Cent_Appal,Functional,Trophic,Omnivore
HOSP,Cent_Appal,Compositional,Migratory,Resident
HOSP,Cent_Appal,Compositional,Origin,Exotic
HOWA,Cent_Appal,Functional,InsectivoreForagingBehavior,LowerCanopyForager
HOWA,Cent_Appal,Structural,NestPlacement,ShrubNester
HOWA,Cent_Appal,Compositional,NumberofBroods,SingleBrooded
HOWA,Cent_Appal,Structural,PrimaryHabitat,InteriorForestObligate
HOWR,Cent_Appal,Functional,InsectivoreForagingBehavior,LowerCanopyForager
HOWR,Cent_Appal,Compositional,Migratory,TemperateMigrant
INBU,Cent_Appal,Structural,NestPlacement,ShrubNester
INBU,Cent_Appal,Functional,Trophic,Omnivore
KEWA,Cent_Appal,Functional,InsectivoreForagingBehavior,GroundGleaner
KEWA,Cent_Appal,Structural,NestPlacement,ForestGroundNester
KEWA,Cent_Appal,Compositional,NumberofBroods,SingleBrooded
KEWA,Cent_Appal,Structural,PrimaryHabitat,InteriorForestObligate
LEFL,Cent_Appal,Structural,NestPlacement,CanopyNester
LEFL,Cent_Appal,Compositional,NumberofBroods,SingleBrooded
LOWA,Cent_Appal,Structural,NestPlacement,ForestGroundNester
LOWA,Cent_Appal,Compositional,NumberofBroods,SingleBrooded
LOWA,Cent_Appal,Structural,PrimaryHabitat,InteriorForestObligate
MAWA,Cent_Appal,Functional,InsectivoreForagingBehavior,LowerCanopyForager
MAWA,Cent_Appal,Structural,NestPlacement,ShrubNester
MAWA,Cent_Appal,Compositional,NumberofBroods,SingleBrooded
MAWA,Cent_Appal,Structural,PrimaryHabitat,InteriorForestObligate
MODO,Cent_Appal,Compositional,Migratory,Resident
MODO,Cent_Appal,Structural,NestPlacement,CanopyNester
MOWA,Cent_Appal,Functional,InsectivoreForagingBehavior,GroundGleaner
MOWA,Cent_Appal,Structural,NestPlacement,ForestGroundNester
MOWA,Cent_Appal,Compositional,NumberofBroods,SingleBrooded
NAWA,Cent_Appal,Functional,InsectivoreForagingBehavior,LowerCanopyForager
NAWA,Cent_Appal,Structural,NestPlacement,ForestGroundNester
NAWA,Cent_Appal,Compositional,NumberofBroods,SingleBrooded
NOCA,Cent_Appal,Compositional,Migratory,Resident
NOCA,Cent_Appal,Structural,NestPlacement,ShrubNester
NOCA,Cent_Appal,Structural,PrimaryHabitat,ForestGeneralist
NOCA,Cent_Appal,Functional,Trophic,Omnivore
NOFL,Cent_Appal,Functional,InsectivoreForagingBehavior,GroundGleaner
NOFL,Cent_Appal,Compositional,Migratory,Resident
NOFL,Cent_Appal,Compositional,NumberofBroods,SingleBrooded
NOFL,Cent_Appal,Structural,PrimaryHabitat,ForestGeneralist
NOMO,Cent_Appal,Compositional,Migratory,Resident
NOMO,Cent_Appal,Structural,NestPlacement,ShrubNester
NOMO,Cent_Appal,Functional,Trophic,Omnivore
NOPA,Cent_Appal,Functional,InsectivoreForagingBehavior,UpperCanopyForager
NOPA,Cent_Appal,Structural,NestPlacement,CanopyNester
NOPA,Cent_Appal,Compositional,NumberofBroods,SingleBrooded
NOPA,Cent_Appal,Structural,PrimaryHabitat,ForestGeneralist
NOWA,Cent_Appal,Structural,NestPlacement,ForestGroundNester
NOWA,Cent_Appal,Compositional,NumberofBroods,SingleBrooded
NOWA,Cent_Appal,Structural,PrimaryHabitat,InteriorForestObligate
NRWS,Cent_Appal,Compositional,NumberofBroods,SingleBrooded
OROR,Cent_Appal,Functional,InsectivoreForagingBehavior,UpperCanopyForager
OROR,Cent_Appal,Structural,NestPlacement,CanopyNester
OROR,Cent_Appal,Compositional,NumberofBroods,SingleBrooded
OVEN,Cent_Appal,Functional,InsectivoreForagingBehavior,GroundGleaner
OVEN,Cent_Appal,Structural,NestPlacement,ForestGroundNester
OVEN,Cent_Appal,Compositional,NumberofBroods,SingleBrooded
OVEN,Cent_Appal,Structural,PrimaryHabitat,InteriorForestObligate
PIWA,Cent_Appal,Functional,InsectivoreForagingBehavior,BarkProber
PIWA,Cent_Appal,Compositional,Migratory,TemperateMigrant
PIWA,Cent_Appal,Structural,NestPlacement,CanopyNester
PIWA,Cent_Appal,Compositional,NumberofBroods,SingleBrooded
PIWA,Cent_Appal,Structural,PrimaryHabitat,InteriorForestObligate
PIWO,Cent_Appal,Functional,InsectivoreForagingBehavior,BarkProber
PIWO,Cent_Appal,Compositional,Migratory,Resident
PIWO,Cent_Appal,Compositional,NumberofBroods,SingleBrooded
PIWO,Cent_Appal,Structural,PrimaryHabitat,InteriorForestObligate
PRAW,Cent_Appal,Functional,InsectivoreForagingBehavior,LowerCanopyForager
PRAW,Cent_Appal,Structural,NestPlacement,ShrubNester
PRAW,Cent_Appal,Compositional,NumberofBroods,SingleBrooded
PUFI,Cent_Appal,Compositional,Migratory,Resident
PUFI,Cent_Appal,Structural,NestPlacement,CanopyNester
PUFI,Cent_Appal,Compositional,NumberofBroods,SingleBrooded
PUFI,Cent_Appal,Structural,PrimaryHabitat,ForestGeneralist
RBGR,Cent_Appal,Structural,NestPlacement,CanopyNester
RBGR,Cent_Appal,Compositional,NumberofBroods,SingleBrooded
RBGR,Cent_Appal,Structural,PrimaryHabitat,ForestGeneralist
RBGR,Cent_Appal,Functional,Trophic,Omnivore
RBNU,Cent_Appal,Functional,InsectivoreForagingBehavior,BarkProber
RBNU,Cent_Appal,Compositional,Migratory,Resident
RBNU,Cent_Appal,Compositional,NumberofBroods,SingleBrooded
RBNU,Cent_Appal,Structural,PrimaryHabitat,InteriorForestObligate
RBWO,Cent_Appal,Functional,InsectivoreForagingBehavior,BarkProber
RBWO,Cent_Appal,Compositional,Migratory,Resident
RBWO,Cent_Appal,Compositional,NumberofBroods,SingleBrooded
RBWO,Cent_Appal,Structural,PrimaryHabitat,ForestGeneralist
REVI,Cent_Appal,Functional,InsectivoreForagingBehavior,UpperCanopyForager
REVI,Cent_Appal,Structural,NestPlacement,ShrubNester
REVI,Cent_Appal,Compositional,NumberofBroods,SingleBrooded
REVI,Cent_Appal,Structural,PrimaryHabitat,ForestGeneralist
RHWO,Cent_Appal,Functional,InsectivoreForagingBehavior,BarkProber
RHWO,Cent_Appal,Compositional,Migratory,TemperateMigrant
ROPI,Cent_Appal,Compositional,Migratory,Resident
ROPI,Cent_Appal,Compositional,Origin,Exotic
ROPI,Cent_Appal,Functional,Trophic,Omnivore
RTHU,Cent_Appal,Structural,NestPlacement,CanopyNester
RTHU,Cent_Appal,Functional,Trophic,Omnivore
RWBL,Cent_Appal,Compositional,Migratory,TemperateMigrant
RWBL,Cent_Appal,Structural,NestPlacement,ShrubNester
RWBL,Cent_Appal,Functional,Trophic,Omnivore
SAVS,Cent_Appal,Compositional,Migratory,TemperateMigrant
SAVS,Cent_Appal,Structural,NestPlacement,OpenGroundNester
SAVS,Cent_Appal,Functional,Trophic,Omnivore
SCTA,Cent_Appal,Functional,InsectivoreForagingBehavior,UpperCanopyForager
SCTA,Cent_Appal,Structural,NestPlacement,CanopyNester
SCTA,Cent_Appal,Compositional,NumberofBroods,SingleBrooded
SCTA,Cent_Appal,Structural,PrimaryHabitat,InteriorForestObligate
SOSP,Cent_Appal,Compositional,Migratory,Resident
SOSP,Cent_Appal,Structural,NestPlacement,OpenGroundNester
SOSP,Cent_Appal,Functional,Trophic,Omnivore
SUTA,Cent_Appal,Functional,InsectivoreForagingBehavior,UpperCanopyForager
SUTA,Cent_Appal,Structural,NestPlacement,CanopyNester
SUTA,Cent_Appal,Compositional,NumberofBroods,SingleBrooded
SUTA,Cent_Appal,Structural,PrimaryHabitat,ForestGeneralist
SWSP,Cent_Appal,Compositional,Migratory,TemperateMigrant
SWSP,Cent_Appal,Structural,NestPlacement,OpenGroundNester
SWSP,Cent_Appal,Functional,Trophic,Omnivore
TRES,Cent_Appal,Compositional,Migratory,TemperateMigrant
TRES,Cent_Appal,Compositional,NumberofBroods,SingleBrooded
TUTI,Cent_Appal,Functional,InsectivoreForagingBehavior,LowerCanopyForager
TUTI,Cent_Appal,Compositional,Migratory,Resident
TUTI,Cent_Appal,Compositional,NumberofBroods,SingleBrooded
TUTI,Cent_Appal,Structural,PrimaryHabitat,ForestGeneralist
VEER,Cent_Appal,Structural,NestPlacement,ForestGroundNester
VEER,Cent_Appal,Compositional,NumberofBroods,SingleBrooded
VEER,Cent_Appal,Structural,PrimaryHabitat,InteriorForestObligate
VEER,Cent_Appal,Functional,Trophic,Omnivore
VESP,Cent_Appal,Compositional,Migratory,TemperateMigrant
VESP,Cent_Appal,Structural,NestPlacement,OpenGroundNester
VESP,Cent_Appal,Functional,Trophic,Omnivore
WAVI,Cent_Appal,Functional,InsectivoreForagingBehavior,UpperCanopyForager
WAVI,Cent_Appal,Structural,NestPlacement,CanopyNester
WAVI,Cent_Appal,Compositional,NumberofBroods,SingleBrooded
WBNU,Cent_Appal,Functional,InsectivoreForagingBehavior,BarkProber
WBNU,Cent_Appal,Compositional,Migratory,Resident
WBNU,Cent_Appal,Compositional,NumberofBroods,SingleBrooded
WBNU,Cent_Appal,Structural,PrimaryHabitat,InteriorForestObligate
WEVI,Cent_Appal,Functional,InsectivoreForagingBehavior,LowerCanopyForager
WEVI,Cent_Appal,Compositional,Migratory,TemperateMigrant
WEVI,Cent_Appal,Structural,NestPlacement,ShrubNester
WEVI,Cent_Appal,Compositional,NumberofBroods,SingleBrooded
WEVI,Cent_Appal,Structural,PrimaryHabitat,ForestGeneralist
WEWA,Cent_Appal,Functional,InsectivoreForagingBehavior,GroundGleaner
WEWA,Cent_Appal,Structural,NestPlacement,ForestGroundNester
WEWA,Cent_Appal,Compositional,NumberofBroods,SingleBrooded
WEWA,Cent_Appal,Structural,PrimaryHabitat,InteriorForestObligate
WIFL,Cent_Appal,Structural,NestPlacement,ShrubNester
WIFL,Cent_Appal,Compositional,NumberofBroods,SingleBrooded
WIWR,Cent_Appal,Functional,InsectivoreForagingBehavior,GroundGleaner
WIWR,Cent_Appal,Compositional,Migratory,TemperateMigrant
WIWR,Cent_Appal,Compositional,NumberofBroods,SingleBrooded
WIWR,Cent_Appal,Structural,PrimaryHabitat,InteriorForestObligate
WOTH,Cent_Appal,Structural,NestPlacement,CanopyNester
WOTH,Cent_Appal,Structural,PrimaryHabitat,ForestGeneralist
WOTH,Cent_Appal,Functional,Trophic,Omnivore
WTSP,Cent_Appal,Compositional,Migratory,TemperateMigrant
WTSP,Cent_Appal,Structural,NestPlacement,ForestGroundNester
WTSP,Cent_Appal,Compositional,NumberofBroods,SingleBrooded
WTSP,Cent_Appal,Functional,Trophic,Omnivore
YBCH,Cent_Appal,Structural,NestPlacement,ShrubNester
YBCH,Cent_Appal,Functional,Trophic,Omnivore
YBCU,Cent_Appal,Functional,InsectivoreForagingBehavior,LowerCanopyForager
YBCU,Cent_Appal,Structural,NestPlacement,ShrubNester
YBCU,Cent_Appal,Compositional,NumberofBroods,SingleBrooded
YBCU,Cent_Appal,Structural,PrimaryHabitat,ForestGeneralist
YBSA,Cent_Appal,Compositional,Migratory,TemperateMigrant
YBSA,Cent_Appal,Compositional,NumberofBroods,SingleBrooded
YBSA,Cent_Appal,Structural,PrimaryHabitat,ForestGeneralist
YBSA,Cent_Appal,Functional,Trophic,Omnivore
YEWA,Cent_Appal,Functional,InsectivoreForagingBehavior,LowerCanopyForager
YEWA,Cent_Appal,Structural,NestPlacement,ShrubNester
YEWA,Cent_Appal,Compositional,NumberofBroods,SingleBrooded
YRWA,Cent_Appal,Functional,InsectivoreForagingBehavior,LowerCanopyForager
YRWA,Cent_Appal,Compositional,Migratory,TemperateMigrant
YRWA,Cent_Appal,Structural,NestPlacement,CanopyNester
YRWA,Cent_Appal,Structural,PrimaryHabitat,InteriorForestObligate
YTVI,Cent_Appal,Functional,InsectivoreForagingBehavior,UpperCanopyForager
YTVI,Cent_Appal,Structural,NestPlacement,CanopyNester
YTVI,Cent_Appal,Compositional,NumberofBroods,SingleBrooded
YTVI,Cent_Appal,Structural,PrimaryHabitat,ForestGeneralist
YTWA,Cent_Appal,Functional,InsectivoreForagingBehavior,BarkProber
YTWA,Cent_Appal,Functional,InsectivoreForagingBehavior,UpperCanopyForager
YTWA,Cent_Appal,Compositional,Migratory,TemperateMigrant
YTWA,Cent_Appal,Structural,NestPlacement,CanopyNester
YTWA,Cent_Appal,Compositional,NumberofBroods,SingleBrooded
YTWA,Cent_Appal,Structural,PrimaryHabitat,InteriorForestObligate
ACFL,NETN_Forest_BCI,Structural,NestPlacement,CanopyNester
ACFL,NETN_Forest_BCI,Compositional,NumberofBroods,SingleBrooded
ACFL,NETN_Forest_BCI,Structural,PrimaryHabitat,InteriorForestObligate
ALFL,NETN_Forest_BCI,Structural,NestPlacement,ShrubNester
ALFL,NETN_Forest_BCI,Compositional,NumberofBroods,SingleBrooded
AMCR,NETN_Forest_BCI,Compositional,Migratory,Resident
AMCR,NETN_Forest_BCI,Structural,NestPlacement,CanopyNester
AMCR,NETN_Forest_BCI,Compositional,NumberofBroods,SingleBrooded
AMCR,NETN_Forest_BCI,Compositional,PopulationLimiting,NestPredator_BroodParasite
AMCR,NETN_Forest_BCI,Functional,Trophic,Omnivore
AMGO,NETN_Forest_BCI,Compositional,Migratory,Resident
AMGO,NETN_Forest_BCI,Structural,NestPlacement,ShrubNester
AMGO,NETN_Forest_BCI,Compositional,NumberofBroods,SingleBrooded
AMGO,NETN_Forest_BCI,Functional,Trophic,Omnivore
AMRE,NETN_Forest_BCI,Functional,InsectivoreForagingBehavior,LowerCanopyForager
AMRE,NETN_Forest_BCI,Structural,NestPlacement,CanopyNester
AMRE,NETN_Forest_BCI,Compositional,NumberofBroods,SingleBrooded
AMRE,NETN_Forest_BCI,Structural,PrimaryHabitat,InteriorForestObligate
AMRO,NETN_Forest_BCI,Structural,NestPlacement,ShrubNester
AMRO,NETN_Forest_BCI,Functional,Trophic,Omnivore
BANS,NETN_Forest_BCI,Compositional,NumberofBroods,SingleBrooded
BAOR,NETN_Forest_BCI,Structural,NestPlacement,CanopyNester
BAOR,NETN_Forest_BCI,Compositional,NumberofBroods,SingleBrooded
BAOR,NETN_Forest_BCI,Functional,Trophic,Omnivore
BARS,NETN_Forest_BCI,Compositional,NumberofBroods,SingleBrooded
BAWW,NETN_Forest_BCI,Functional,InsectivoreForagingBehavior,BarkProber
BAWW,NETN_Forest_BCI,Structural,NestPlacement,ForestGroundNester
BAWW,NETN_Forest_BCI,Compositional,NumberofBroods,SingleBrooded
BAWW,NETN_Forest_BCI,Structural,PrimaryHabitat,InteriorForestObligate
BBCU,NETN_Forest_BCI,Functional,InsectivoreForagingBehavior,LowerCanopyForager
BBCU,NETN_Forest_BCI,Structural,NestPlacement,ShrubNester
BBWA,NETN_Forest_BCI,Functional,InsectivoreForagingBehavior,UpperCanopyForager
BBWA,NETN_Forest_BCI,Structural,NestPlacement,CanopyNester
BBWA,NETN_Forest_BCI,Compositional,NumberofBroods,SingleBrooded
BBWO,NETN_Forest_BCI,Functional,InsectivoreForagingBehavior,BarkProber
BBWO,NETN_Forest_BCI,Compositional,Migratory,Resident
BBWO,NETN_Forest_BCI,Structural,PrimaryHabitat,InteriorForestObligate
BCCH,NETN_Forest_BCI,Functional,InsectivoreForagingBehavior,LowerCanopyForager
BCCH,NETN_Forest_BCI,Compositional,Migratory,Resident
BCCH,NETN_Forest_BCI,Compositional,NumberofBroods,SingleBrooded
BGGN,NETN_Forest_BCI,Functional,InsectivoreForagingBehavior,UpperCanopyForager
BGGN,NETN_Forest_BCI,Structural,NestPlacement,CanopyNester
BGGN,NETN_Forest_BCI,Compositional,NumberofBroods,SingleBrooded
BHCO,NETN_Forest_BCI,Compositional,PopulationLimiting,NestPredator_BroodParasite
BHCO,NETN_Forest_BCI,Functional,Trophic,Omnivore
BHVI,NETN_Forest_BCI,Functional,InsectivoreForagingBehavior,LowerCanopyForager
BHVI,NETN_Forest_BCI,Structural,NestPlacement,CanopyNester
BHVI,NETN_Forest_BCI,Compositional,NumberofBroods,SingleBrooded
BHVI,NETN_Forest_BCI,Structural,PrimaryHabitat,InteriorForestObligate
BLBW,NETN_Forest_BCI,Functional,InsectivoreForagingBehavior,UpperCanopyForager
BLBW,NETN_Forest_BCI,Structural,NestPlacement,CanopyNester
BLBW,NETN_Forest_BCI,Compositional,NumberofBroods,SingleBrooded
BLBW,NETN_Forest_BCI,Structural,PrimaryHabitat,InteriorForestObligate
BLJA,NETN_Forest_BCI,Compositional,Migratory,Resident
BLJA,NETN_Forest_BCI,Structural,NestPlacement,CanopyNester
BLJA,NETN_Forest_BCI,Compositional,PopulationLimiting,NestPredator_BroodParasite
BLJA,NETN_Forest_BCI,Functional,Trophic,Omnivore
BLPW,NETN_Forest_BCI,Functional,InsectivoreForagingBehavior,LowerCanopyForager
BLPW,NETN_Forest_BCI,Structural,NestPlacement,ShrubNester
BLPW,NETN_Forest_BCI,Compositional,NumberofBroods,SingleBrooded
BLPW,NETN_Forest_BCI,Structural,PrimaryHabitat,InteriorForestObligate
BOBO,NETN_Forest_BCI,Compositional,NumberofBroods,SingleBrooded
BOBO,NETN_Forest_BCI,Functional,Trophic,Omnivore
BOCH,NETN_Forest_BCI,Functional,InsectivoreForagingBehavior,LowerCanopyForager
BOCH,NETN_Forest_BCI,Compositional,Migratory,Resident
BOCH,NETN_Forest_BCI,Compositional,NumberofBroods,SingleBrooded
BRCR,NETN_Forest_BCI,Functional,InsectivoreForagingBehavior,BarkProber
BRCR,NETN_Forest_BCI,Compositional,Migratory,Resident
BRCR,NETN_Forest_BCI,Compositional,NumberofBroods,SingleBrooded
BRCR,NETN_Forest_BCI,Structural,PrimaryHabitat,InteriorForestObligate
BRTH,NETN_Forest_BCI,Structural,NestPlacement,ShrubNester
BRTH,NETN_Forest_BCI,Functional,Trophic,Omnivore
BTBW,NETN_Forest_BCI,Functional,InsectivoreForagingBehavior,LowerCanopyForager
BTBW,NETN_Forest_BCI,Structural,NestPlacement,ShrubNester
BTBW,NETN_Forest_BCI,Compositional,NumberofBroods,SingleBrooded
BTBW,NETN_Forest_BCI,Structural,PrimaryHabitat,InteriorForestObligate
BTNW,NETN_Forest_BCI,Functional,InsectivoreForagingBehavior,UpperCanopyForager
BTNW,NETN_Forest_BCI,Structural,NestPlacement,CanopyNester
BTNW,NETN_Forest_BCI,Compositional,NumberofBroods,SingleBrooded
BTNW,NETN_Forest_BCI,Structural,PrimaryHabitat,InteriorForestObligate
BWWA,NETN_Forest_BCI,Functional,InsectivoreForagingBehavior,LowerCanopyForager
BWWA,NETN_Forest_BCI,Compositional,NumberofBroods,SingleBrooded
CACH,NETN_Forest_BCI,Functional,InsectivoreForagingBehavior,LowerCanopyForager
CACH,NETN_Forest_BCI,Compositional,Migratory,Resident
CACH,NETN_Forest_BCI,Compositional,NumberofBroods,SingleBrooded
CAJA,NETN_Forest_BCI,Compositional,Migratory,Resident
CAJA,NETN_Forest_BCI,Compositional,PopulationLimiting,NestPredator_BroodParasite
CAJA,NETN_Forest_BCI,Functional,Trophic,Omnivore
CARW,NETN_Forest_BCI,Functional,InsectivoreForagingBehavior,LowerCanopyForager
CARW,NETN_Forest_BCI,Compositional,Migratory,Resident
CAWA,NETN_Forest_BCI,Functional,InsectivoreForagingBehavior,LowerCanopyForager
CAWA,NETN_Forest_BCI,Structural,NestPlacement,ForestGroundNester
CAWA,NETN_Forest_BCI,Compositional,NumberofBroods,SingleBrooded
CAWA,NETN_Forest_BCI,Structural,PrimaryHabitat,InteriorForestObligate
CEDW,NETN_Forest_BCI,Compositional,Migratory,Resident
CEDW,NETN_Forest_BCI,Structural,NestPlacement,CanopyNester
CEDW,NETN_Forest_BCI,Compositional,NumberofBroods,SingleBrooded
CERW,NETN_Forest_BCI,Functional,InsectivoreForagingBehavior,UpperCanopyForager
CERW,NETN_Forest_BCI,Structural,NestPlacement,CanopyNester
CERW,NETN_Forest_BCI,Compositional,NumberofBroods,SingleBrooded
CERW,NETN_Forest_BCI,Structural,PrimaryHabitat,InteriorForestObligate
CHSP,NETN_Forest_BCI,Structural,NestPlacement,ShrubNester
CHSP,NETN_Forest_BCI,Functional,Trophic,Omnivore
CHSW,NETN_Forest_BCI,Compositional,NumberofBroods,SingleBrooded
CLSW,NETN_Forest_BCI,Compositional,NumberofBroods,SingleBrooded
CMWA,NETN_Forest_BCI,Functional,InsectivoreForagingBehavior,UpperCanopyForager
CMWA,NETN_Forest_BCI,Structural,NestPlacement,CanopyNester
CMWA,NETN_Forest_BCI,Compositional,NumberofBroods,SingleBrooded
COGR,NETN_Forest_BCI,Functional,Trophic,Omnivore
CORA,NETN_Forest_BCI,Compositional,Migratory,Resident
CORA,NETN_Forest_BCI,Structural,NestPlacement,CanopyNester
CORA,NETN_Forest_BCI,Compositional,NumberofBroods,SingleBrooded
CORA,NETN_Forest_BCI,Compositional,PopulationLimiting,NestPredator_BroodParasite
CORA,NETN_Forest_BCI,Functional,Trophic,Omnivore
COYE,NETN_Forest_BCI,Functional,InsectivoreForagingBehavior,LowerCanopyForager
COYE,NETN_Forest_BCI,Structural,NestPlacement,ShrubNester
CSWA,NETN_Forest_BCI,Functional,InsectivoreForagingBehavior,LowerCanopyForager
CSWA,NETN_Forest_BCI,Structural,NestPlacement,ShrubNester
CSWA,NETN_Forest_BCI,Compositional,NumberofBroods,SingleBrooded
DEJU,NETN_Forest_BCI,Structural,NestPlacement,ForestGroundNester
DEJU,NETN_Forest_BCI,Functional,Trophic,Omnivore
DOWO,NETN_Forest_BCI,Functional,InsectivoreForagingBehavior,BarkProber
DOWO,NETN_Forest_BCI,Compositional,Migratory,Resident
EABL,NETN_Forest_BCI,Functional,Trophic,Omnivore
EAKI,NETN_Forest_BCI,Structural,NestPlacement,CanopyNester
EAKI,NETN_Forest_BCI,Compositional,NumberofBroods,SingleBrooded
EAME,NETN_Forest_BCI,Functional,Trophic,Omnivore
EAPH,NETN_Forest_BCI,Functional,InsectivoreForagingBehavior,LowerCanopyForager
EATO,NETN_Forest_BCI,Structural,NestPlacement,ForestGroundNester
EATO,NETN_Forest_BCI,Functional,Trophic,Omnivore
EAWP,NETN_Forest_BCI,Structural,NestPlacement,CanopyNester
EAWP,NETN_Forest_BCI,Compositional,NumberofBroods,SingleBrooded
EUST,NETN_Forest_BCI,Compositional,Migratory,Resident
EUST,NETN_Forest_BCI,Compositional,Origin,Exotic
EUST,NETN_Forest_BCI,Compositional,PopulationLimiting,NestPredator_BroodParasite
EUST,NETN_Forest_BCI,Functional,Trophic,Omnivore
EVGR,NETN_Forest_BCI,Compositional,Migratory,Resident
EVGR,NETN_Forest_BCI,Functional,Trophic,Omnivore
FICR,NETN_Forest_BCI,Compositional,Migratory,Resident
FICR,NETN_Forest_BCI,Structural,NestPlacement,CanopyNester
FICR,NETN_Forest_BCI,Compositional,NumberofBroods,SingleBrooded
FICR,NETN_Forest_BCI,Compositional,PopulationLimiting,NestPredator_BroodParasite
FICR,NETN_Forest_BCI,Functional,Trophic,Omnivore
FISP,NETN_Forest_BCI,Functional,Trophic,Omnivore
GCFL,NETN_Forest_BCI,Compositional,NumberofBroods,SingleBrooded
GCKI,NETN_Forest_BCI,Functional,InsectivoreForagingBehavior,LowerCanopyForager
GCKI,NETN_Forest_BCI,Structural,NestPlacement,CanopyNester
GCKI,NETN_Forest_BCI,Structural,PrimaryHabitat,InteriorForestObligate
GRCA,NETN_Forest_BCI,Structural,NestPlacement,ShrubNester
GRCA,NETN_Forest_BCI,Functional,Trophic,Omnivore
GRSP,NETN_Forest_BCI,Functional,Trophic,Omnivore
GWWA,NETN_Forest_BCI,Functional,InsectivoreForagingBehavior,LowerCanopyForager
GWWA,NETN_Forest_BCI,Compositional,NumberofBroods,SingleBrooded
HAWO,NETN_Forest_BCI,Functional,InsectivoreForagingBehavior,BarkProber
HAWO,NETN_Forest_BCI,Compositional,Migratory,Resident
HAWO,NETN_Forest_BCI,Structural,PrimaryHabitat,InteriorForestObligate
HESP,NETN_Forest_BCI,Functional,Trophic,Omnivore
HETH,NETN_Forest_BCI,Functional,InsectivoreForagingBehavior,GroundGleaner
HETH,NETN_Forest_BCI,Structural,NestPlacement,ForestGroundNester
HETH,NETN_Forest_BCI,Structural,PrimaryHabitat,InteriorForestObligate
HOFI,NETN_Forest_BCI,Compositional,Migratory,Resident
HOFI,NETN_Forest_BCI,Compositional,Origin,Exotic
HOSP,NETN_Forest_BCI,Compositional,Migratory,Resident
HOSP,NETN_Forest_BCI,Compositional,Origin,Exotic
HOWA,NETN_Forest_BCI,Functional,InsectivoreForagingBehavior,LowerCanopyForager
HOWA,NETN_Forest_BCI,Structural,NestPlacement,ShrubNester
HOWA,NETN_Forest_BCI,Compositional,NumberofBroods,SingleBrooded
HOWA,NETN_Forest_BCI,Structural,PrimaryHabitat,InteriorForestObligate
HOWR,NETN_Forest_BCI,Functional,InsectivoreForagingBehavior,LowerCanopyForager
INBU,NETN_Forest_BCI,Structural,NestPlacement,ShrubNester
INBU,NETN_Forest_BCI,Functional,Trophic,Omnivore
KEWA,NETN_Forest_BCI,Functional,InsectivoreForagingBehavior,GroundGleaner
KEWA,NETN_Forest_BCI,Structural,NestPlacement,ForestGroundNester
KEWA,NETN_Forest_BCI,Compositional,NumberofBroods,SingleBrooded
KEWA,NETN_Forest_BCI,Structural,PrimaryHabitat,InteriorForestObligate
LEFL,NETN_Forest_BCI,Structural,NestPlacement,CanopyNester
LEFL,NETN_Forest_BCI,Compositional,NumberofBroods,SingleBrooded
LISP,NETN_Forest_BCI,Functional,Trophic,Omnivore
LOWA,NETN_Forest_BCI,Structural,NestPlacement,ForestGroundNester
LOWA,NETN_Forest_BCI,Compositional,NumberofBroods,SingleBrooded
LOWA,NETN_Forest_BCI,Structural,PrimaryHabitat,InteriorForestObligate
MAWA,NETN_Forest_BCI,Functional,InsectivoreForagingBehavior,LowerCanopyForager
MAWA,NETN_Forest_BCI,Structural,NestPlacement,ShrubNester
MAWA,NETN_Forest_BCI,Compositional,NumberofBroods,SingleBrooded
MAWA,NETN_Forest_BCI,Structural,PrimaryHabitat,InteriorForestObligate
MODO,NETN_Forest_BCI,Compositional,Migratory,Resident
MODO,NETN_Forest_BCI,Structural,NestPlacement,CanopyNester
MOWA,NETN_Forest_BCI,Functional,InsectivoreForagingBehavior,GroundGleaner
MOWA,NETN_Forest_BCI,Structural,NestPlacement,ForestGroundNester
MOWA,NETN_Forest_BCI,Compositional,NumberofBroods,SingleBrooded
NAWA,NETN_Forest_BCI,Functional,InsectivoreForagingBehavior,LowerCanopyForager
NAWA,NETN_Forest_BCI,Structural,NestPlacement,ForestGroundNester
NAWA,NETN_Forest_BCI,Compositional,NumberofBroods,SingleBrooded
NESP,NETN_Forest_BCI,Functional,Trophic,Omnivore
NOCA,NETN_Forest_BCI,Compositional,Migratory,Resident
NOCA,NETN_Forest_BCI,Structural,NestPlacement,ShrubNester
NOCA,NETN_Forest_BCI,Functional,Trophic,Omnivore
NOFL,NETN_Forest_BCI,Functional,InsectivoreForagingBehavior,GroundGleaner
NOMO,NETN_Forest_BCI,Compositional,Migratory,Resident
NOMO,NETN_Forest_BCI,Structural,NestPlacement,ShrubNester
NOMO,NETN_Forest_BCI,Functional,Trophic,Omnivore
NOPA,NETN_Forest_BCI,Functional,InsectivoreForagingBehavior,UpperCanopyForager
NOPA,NETN_Forest_BCI,Structural,NestPlacement,CanopyNester
NOPA,NETN_Forest_BCI,Compositional,NumberofBroods,SingleBrooded
NOPA,NETN_Forest_BCI,Structural,PrimaryHabitat,InteriorForestObligate
NOWA,NETN_Forest_BCI,Structural,NestPlacement,ForestGroundNester
NOWA,NETN_Forest_BCI,Compositional,NumberofBroods,SingleBrooded
NOWA,NETN_Forest_BCI,Structural,PrimaryHabitat,InteriorForestObligate
NRWS,NETN_Forest_BCI,Compositional,NumberofBroods,SingleBrooded
OROR,NETN_Forest_BCI,Structural,NestPlacement,CanopyNester
OROR,NETN_Forest_BCI,Compositional,NumberofBroods,SingleBrooded
OROR,NETN_Forest_BCI,Functional,Trophic,Omnivore
OSFL,NETN_Forest_BCI,Compositional,NumberofBroods,SingleBrooded
OSFL,NETN_Forest_BCI,Structural,PrimaryHabitat,InteriorForestObligate
OVEN,NETN_Forest_BCI,Functional,InsectivoreForagingBehavior,GroundGleaner
OVEN,NETN_Forest_BCI,Structural,NestPlacement,ForestGroundNester
OVEN,NETN_Forest_BCI,Compositional,NumberofBroods,SingleBrooded
OVEN,NETN_Forest_BCI,Structural,PrimaryHabitat,InteriorForestObligate
PAWA,NETN_Forest_BCI,Functional,InsectivoreForagingBehavior,LowerCanopyForager
PAWA,NETN_Forest_BCI,Compositional,NumberofBroods,SingleBrooded
PHVI,NETN_Forest_BCI,Functional,InsectivoreForagingBehavior,UpperCanopyForager
PHVI,NETN_Forest_BCI,Compositional,NumberofBroods,SingleBrooded
PISI,NETN_Forest_BCI,Compositional,Migratory,Resident
PISI,NETN_Forest_BCI,Compositional,NumberofBroods,SingleBrooded
PISI,NETN_Forest_BCI,Functional,Trophic,Omnivore
PIWA,NETN_Forest_BCI,Functional,InsectivoreForagingBehavior,BarkProber
PIWA,NETN_Forest_BCI,Structural,NestPlacement,CanopyNester
PIWA,NETN_Forest_BCI,Compositional,NumberofBroods,SingleBrooded
PIWA,NETN_Forest_BCI,Structural,PrimaryHabitat,InteriorForestObligate
PIWO,NETN_Forest_BCI,Functional,InsectivoreForagingBehavior,BarkProber
PIWO,NETN_Forest_BCI,Compositional,Migratory,Resident
PIWO,NETN_Forest_BCI,Structural,PrimaryHabitat,InteriorForestObligate
PRAW,NETN_Forest_BCI,Functional,InsectivoreForagingBehavior,LowerCanopyForager
PRAW,NETN_Forest_BCI,Structural,NestPlacement,ShrubNester
PRAW,NETN_Forest_BCI,Compositional,NumberofBroods,SingleBrooded
PUFI,NETN_Forest_BCI,Compositional,Migratory,Resident
PUFI,NETN_Forest_BCI,Structural,NestPlacement,CanopyNester
RBGR,NETN_Forest_BCI,Structural,NestPlacement,CanopyNester
RBGR,NETN_Forest_BCI,Compositional,NumberofBroods,SingleBrooded
RBGR,NETN_Forest_BCI,Functional,Trophic,Omnivore
RBNU,NETN_Forest_BCI,Functional,InsectivoreForagingBehavior,BarkProber
RBNU,NETN_Forest_BCI,Compositional,Migratory,Resident
RBNU,NETN_Forest_BCI,Compositional,NumberofBroods,SingleBrooded
RBNU,NETN_Forest_BCI,Structural,PrimaryHabitat,InteriorForestObligate
RBWO,NETN_Forest_BCI,Functional,InsectivoreForagingBehavior,BarkProber
RBWO,NETN_Forest_BCI,Compositional,Migratory,Resident
RCKI,NETN_Forest_BCI,Functional,InsectivoreForagingBehavior,LowerCanopyForager
RCKI,NETN_Forest_BCI,Structural,NestPlacement,CanopyNester
RCKI,NETN_Forest_BCI,Structural,PrimaryHabitat,InteriorForestObligate
RECR,NETN_Forest_BCI,Functional,InsectivoreForagingBehavior,UpperCanopyForager
RECR,NETN_Forest_BCI,Compositional,Migratory,Resident
RECR,NETN_Forest_BCI,Structural,NestPlacement,CanopyNester
RECR,NETN_Forest_BCI,Structural,PrimaryHabitat,InteriorForestObligate
REVI,NETN_Forest_BCI,Functional,InsectivoreForagingBehavior,UpperCanopyForager
REVI,NETN_Forest_BCI,Structural,NestPlacement,ShrubNester
REVI,NETN_Forest_BCI,Compositional,NumberofBroods,SingleBrooded
RHWO,NETN_Forest_BCI,Functional,InsectivoreForagingBehavior,BarkProber
ROPI,NETN_Forest_BCI,Compositional,Migratory,Resident
ROPI,NETN_Forest_BCI,Compositional,Origin,Exotic
ROPI,NETN_Forest_BCI,Functional,Trophic,Omnivore
RTHU,NETN_Forest_BCI,Structural,NestPlacement,CanopyNester
RTHU,NETN_Forest_BCI,Functional,Trophic,Omnivore
RWBL,NETN_Forest_BCI,Structural,NestPlacement,ShrubNester
RWBL,NETN_Forest_BCI,Functional,Trophic,Omnivore
SAVS,NETN_Forest_BCI,Functional,Trophic,Omnivore
SCTA,NETN_Forest_BCI,Functional,InsectivoreForagingBehavior,UpperCanopyForager
SCTA,NETN_Forest_BCI,Structural,NestPlacement,CanopyNester
SCTA,NETN_Forest_BCI,Compositional,NumberofBroods,SingleBrooded
SCTA,NETN_Forest_BCI,Structural,PrimaryHabitat,InteriorForestObligate
SOSP,NETN_Forest_BCI,Functional,Trophic,Omnivore
SWSP,NETN_Forest_BCI,Functional,Trophic,Omnivore
SWTH,NETN_Forest_BCI,Structural,NestPlacement,ShrubNester
SWTH,NETN_Forest_BCI,Compositional,NumberofBroods,SingleBrooded
SWTH,NETN_Forest_BCI,Structural,PrimaryHabitat,InteriorForestObligate
SWTH,NETN_Forest_BCI,Functional,Trophic,Omnivore
TEWA,NETN_Forest_BCI,Functional,InsectivoreForagingBehavior,UpperCanopyForager
TEWA,NETN_Forest_BCI,Compositional,NumberofBroods,SingleBrooded
TRES,NETN_Forest_BCI,Compositional,NumberofBroods,SingleBrooded
TUTI,NETN_Forest_BCI,Functional,InsectivoreForagingBehavior,LowerCanopyForager
TUTI,NETN_Forest_BCI,Compositional,Migratory,Resident
TUTI,NETN_Forest_BCI,Compositional,NumberofBroods,SingleBrooded
VEER,NETN_Forest_BCI,Structural,NestPlacement,ForestGroundNester
VEER,NETN_Forest_BCI,Compositional,NumberofBroods,SingleBrooded
VEER,NETN_Forest_BCI,Structural,PrimaryHabitat,InteriorForestObligate
VEER,NETN_Forest_BCI,Functional,Trophic,Omnivore
VESP,NETN_Forest_BCI,Functional,Trophic,Omnivore
WAVI,NETN_Forest_BCI,Functional,InsectivoreForagingBehavior,UpperCanopyForager
WAVI,NETN_Forest_BCI,Structural,NestPlacement,CanopyNester
WAVI,NETN_Forest_BCI,Compositional,NumberofBroods,SingleBrooded
WBNU,NETN_Forest_BCI,Functional,InsectivoreForagingBehavior,BarkProber
WBNU,NETN_Forest_BCI,Compositional,Migratory,Resident
WBNU,NETN_Forest_BCI,Compositional,NumberofBroods,SingleBrooded
WBNU,NETN_Forest_BCI,Structural,PrimaryHabitat,InteriorForestObligate
WEVI,NETN_Forest_BCI,Functional,InsectivoreForagingBehavior,LowerCanopyForager
WEVI,NETN_Forest_BCI,Structural,NestPlacement,ShrubNester
WEVI,NETN_Forest_BCI,Compositional,NumberofBroods,SingleBrooded
WEWA,NETN_Forest_BCI,Functional,InsectivoreForagingBehavior,GroundGleaner
WEWA,NETN_Forest_BCI,Structural,NestPlacement,ForestGroundNester
WEWA,NETN_Forest_BCI,Compositional,NumberofBroods,SingleBrooded
WEWA,NETN_Forest_BCI,Structural,PrimaryHabitat,InteriorForestObligate
WIFL,NETN_Forest_BCI,Structural,NestPlacement,ShrubNester
WIFL,NETN_Forest_BCI,Compositional,NumberofBroods,SingleBrooded
WIWA,NETN_Forest_BCI,Functional,InsectivoreForagingBehavior,LowerCanopyForager
WIWA,NETN_Forest_BCI,Structural,NestPlacement,ForestGroundNester
WIWA,NETN_Forest_BCI,Compositional,NumberofBroods,SingleBrooded
WIWR,NETN_Forest_BCI,Functional,InsectivoreForagingBehavior,GroundGleaner
WIWR,NETN_Forest_BCI,Compositional,NumberofBroods,SingleBrooded
WIWR,NETN_Forest_BCI,Structural,PrimaryHabitat,InteriorForestObligate
WOTH,NETN_Forest_BCI,Structural,NestPlacement,ShrubNester
WOTH,NETN_Forest_BCI,Functional,Trophic,Omnivore
WTSP,NETN_Forest_BCI,Structural,NestPlacement,ForestGroundNester
WTSP,NETN_Forest_BCI,Functional,Trophic,Omnivore
WWCR,NETN_Forest_BCI,Functional,InsectivoreForagingBehavior,UpperCanopyForager
WWCR,NETN_Forest_BCI,Compositional,Migratory,Resident
WWCR,NETN_Forest_BCI,Structural,NestPlacement,CanopyNester
WWCR,NETN_Forest_BCI,Structural,PrimaryHabitat,InteriorForestObligate
YBCH,NETN_Forest_BCI,Structural,NestPlacement,ShrubNester
YBCH,NETN_Forest_BCI,Functional,Trophic,Omnivore
YBCU,NETN_Forest_BCI,Functional,InsectivoreForagingBehavior,LowerCanopyForager
YBCU,NETN_Forest_BCI,Structural,NestPlacement,ShrubNester
YBFL,NETN_Forest_BCI,Structural,NestPlacement,ForestGroundNester
YBFL,NETN_Forest_BCI,Compositional,NumberofBroods,SingleBrooded
YBFL,NETN_Forest_BCI,Structural,PrimaryHabitat,InteriorForestObligate
YBSA,NETN_Forest_BCI,Functional,Trophic,Omnivore
YEWA,NETN_Forest_BCI,Functional,InsectivoreForagingBehavior,LowerCanopyForager
YEWA,NETN_Forest_BCI,Structural,NestPlacement,ShrubNester
YEWA,NETN_Forest_BCI,Compositional,NumberofBroods,SingleBrooded
YRWA,NETN_Forest_BCI,Functional,InsectivoreForagingBehavior,LowerCanopyForager
YRWA,NETN_Forest_BCI,Structural,NestPlacement,CanopyNester
YTVI,NETN_Forest_BCI,Functional,InsectivoreForagingBehavior,UpperCanopyForager
YTVI,NETN_Forest_BCI,Structural,NestPlacement,CanopyNester
YTVI,NETN_Forest_BCI,Compositional,NumberofBroods,SingleBrooded
